Country Name,Country Code,Indicator Name,Indicator Code,1960,1961,1962,1963,1964,1965,1966,1967,1968,1969,1970,1971,1972,1973,1974,1975,1976,1977,1978,1979,1980,1981,1982,1983,1984,1985,1986,1987,1988,1989,1990,1991,1992,1993,1994,1995,1996,1997,1998,1999,2000,2001,2002,2003,2004,2005,2006,2007,2008,2009,2010,2011,2012,2013,2014,2015,2016,2017,2018,2019,2020
Aruba,ABW,"Unemployment, total (% of total labor force) (modeled ILO estimate)",SL.UEM.TOTL.ZS,,,,,,,,,,,,,,,,,,,,,,,,,,,,,,,,,,,,,,,,,,,,,,,,,,,,,,,,,,,,,
Africa Eastern and Southern,AFE,"Unemployment, total (% of total labor force) (modeled ILO estimate)",SL.UEM.TOTL.ZS,,,,,,,,,,,,,,,,,,,,,,,,,,,,,,,,7.574681147,7.648164559,7.769181259,7.771308235,7.773447879,7.784878535,7.770866447,7.714082349,7.742893422,7.657697704,7.673219513,7.937704647,7.802388884,7.329253097,7.131358868,6.914849871,6.587475264,6.097317662,6.300056087,6.879693861,6.730719832,6.578242998,6.480672678,6.414462162,6.46859789,6.546351147,6.523060744,6.414391648,6.47226929,6.8141767
Afghanistan,AFG,"Unemployment, total (% of total labor force) (modeled ILO estimate)",SL.UEM.TOTL.ZS,,,,,,,,,,,,,,,,,,,,,,,,,,,,,,,,11.38,11.46,11.61,11.65,11.65,11.65,11.64,11.64,11.69,11.65,11.63,11.68,11.68,11.61,11.52,11.34,11.18,11.11,11.46,11.52,11.51,11.52,11.54,11.45,11.39,11.31,11.18,11.06,10.98,11.73
Africa Western and Central,AFW,"Unemployment, total (% of total labor force) (modeled ILO estimate)",SL.UEM.TOTL.ZS,,,,,,,,,,,,,,,,,,,,,,,,,,,,,,,,4.304397782,4.354186288,4.410475284,4.422797014,4.412726625,4.460273967,4.497089699,4.56516681,4.784898168,4.826129001,4.75881974,4.714486057,4.679017573,4.655351912,4.640471853,4.483859585,4.379478476,4.31016625,4.478593602,4.471161285,4.466730879,4.560139285,4.356187219,4.640631559,4.54711314,5.486480348,5.927103775,5.910614964,5.928926163,6.300104721
Angola,AGO,"Unemployment, total (% of total labor force) (modeled ILO estimate)",SL.UEM.TOTL.ZS,,,,,,,,,,,,,,,,,,,,,,,,,,,,,,,,3.75,3.78,3.85,3.87,3.86,3.86,3.86,3.86,3.88,3.87,3.85,3.88,3.88,3.85,3.81,3.73,3.66,3.63,3.78,9.43,7.36,7.37,7.38,7.31,7.26,7.2,7.1,7,6.93,7.7
Albania,ALB,"Unemployment, total (% of total labor force) (modeled ILO estimate)",SL.UEM.TOTL.ZS,,,,,,,,,,,,,,,,,,,,,,,,,,,,,,,,16.22,16.33,16.52,16.57,16.57,16.57,16.55,16.55,16.62,16.58,16.54,16.61,16.61,16.52,16.4,16.17,15.97,13.06,13.67,14.09,13.48,13.38,15.87,18.06,17.19,15.42,13.62,12.3,11.47,11.7
Andorra,AND,"Unemployment, total (% of total labor force) (modeled ILO estimate)",SL.UEM.TOTL.ZS,,,,,,,,,,,,,,,,,,,,,,,,,,,,,,,,,,,,,,,,,,,,,,,,,,,,,,,,,,,,,
Arab World,ARB,"Unemployment, total (% of total labor force) (modeled ILO estimate)",SL.UEM.TOTL.ZS,,,,,,,,,,,,,,,,,,,,,,,,,,,,,,,,11.50442432,12.00210872,12.75703354,12.87235895,13.1641911,12.32762106,11.84352378,11.90618648,12.02161106,12.45970757,12.31786352,12.31953713,12.27405152,11.26625862,11.10038186,10.31336166,9.886517239,9.556738108,9.20068531,9.27022141,10.30231074,10.49599345,10.5641547,10.6778097,10.71379287,10.50766109,10.71829378,10.25657943,10.20722258,11.48156506
United Arab Emirates,ARE,"Unemployment, total (% of total labor force) (modeled ILO estimate)",SL.UEM.TOTL.ZS,,,,,,,,,,,,,,,,,,,,,,,,,,,,,,,,1.75,1.75,1.73,1.76,1.8,1.89,1.98,2.07,2.15,2.25,2.41,2.56,2.71,2.9,3.12,3.06,2.99,2.85,2.53,2.36,2.23,2.09,1.95,1.84,1.74,1.64,2.46,2.23,2.28,5
Argentina,ARG,"Unemployment, total (% of total labor force) (modeled ILO estimate)",SL.UEM.TOTL.ZS,,,,,,,,,,,,,,,,,,,,,,,,,,,,,,,,5.44,6.36,10.1,11.76,18.8,17.11,14.82,12.65,14.05,15,17.32,19.59,15.36,13.52,11.51,10.08,8.47,7.84,8.65,7.71,7.18,7.22,7.1,7.27,7.61,7.97,8.35,9.22,9.84,11.67
Armenia,ARM,"Unemployment, total (% of total labor force) (modeled ILO estimate)",SL.UEM.TOTL.ZS,,,,,,,,,,,,,,,,,,,,,,,,,,,,,,,,1.6,1.8,5.3,6.6,6.7,9.3,10.8,9.4,11.2,11.05,10.91,10.84,10.72,10.54,10.34,10.07,9.81,13.51,18.44,19.01,18.44,17.3,16.18,17.5,18.26,17.62,17.71,18.97,18.81,20.21
American Samoa,ASM,"Unemployment, total (% of total labor force) (modeled ILO estimate)",SL.UEM.TOTL.ZS,,,,,,,,,,,,,,,,,,,,,,,,,,,,,,,,,,,,,,,,,,,,,,,,,,,,,,,,,,,,,
Antigua and Barbuda,ATG,"Unemployment, total (% of total labor force) (modeled ILO estimate)",SL.UEM.TOTL.ZS,,,,,,,,,,,,,,,,,,,,,,,,,,,,,,,,,,,,,,,,,,,,,,,,,,,,,,,,,,,,,
Australia,AUS,"Unemployment, total (% of total labor force) (modeled ILO estimate)",SL.UEM.TOTL.ZS,,,,,,,,,,,,,,,,,,,,,,,,,,,,,,,,9.58,10.73,10.87,9.72,8.47,8.51,8.36,7.68,6.87,6.28,6.74,6.37,5.93,5.4,5.03,4.78,4.38,4.23,5.56,5.21,5.08,5.22,5.66,6.08,6.05,5.71,5.59,5.3,5.16,6.61
Austria,AUT,"Unemployment, total (% of total labor force) (modeled ILO estimate)",SL.UEM.TOTL.ZS,,,,,,,,,,,,,,,,,,,,,,,,,,,,,,,,3.42,3.59,4.25,3.54,4.35,5.28,5.15,5.52,4.7,4.69,4.01,4.85,4.78,5.83,5.63,5.24,4.86,4.13,5.3,4.82,4.56,4.87,5.34,5.62,5.72,6.01,5.5,4.85,4.49,5.77
Azerbaijan,AZE,"Unemployment, total (% of total labor force) (modeled ILO estimate)",SL.UEM.TOTL.ZS,,,,,,,,,,,,,,,,,,,,,,,,,,,,,,,,0.9,1.8,4.5,6.3,7.2,8.1,9.1,10,10.9,11.78,10.91,10.04,9.17,7.99,7.26,6.62,6.33,5.86,5.74,5.63,5.42,5.19,4.97,4.91,4.96,5,5,4.9,4.84,6.27
Burundi,BDI,"Unemployment, total (% of total labor force) (modeled ILO estimate)",SL.UEM.TOTL.ZS,,,,,,,,,,,,,,,,,,,,,,,,,,,,,,,,1.75,1.79,1.85,1.87,1.87,1.87,1.87,1.87,1.89,1.87,1.86,1.89,1.89,1.85,1.81,1.73,1.66,1.63,1.75,1.74,1.7,1.67,1.64,1.57,1.55,1.53,1.48,1.45,1.42,0.8
Belgium,BEL,"Unemployment, total (% of total labor force) (modeled ILO estimate)",SL.UEM.TOTL.ZS,,,,,,,,,,,,,,,,,,,,,,,,,,,,,,,,6.99,6.7,8.08,9.65,9.34,9.48,8.96,9.32,8.65,6.59,6.18,6.91,7.68,7.36,8.44,8.25,7.46,6.98,7.91,8.29,7.14,7.54,8.43,8.52,8.48,7.83,7.09,5.95,5.36,6.01
Benin,BEN,"Unemployment, total (% of total labor force) (modeled ILO estimate)",SL.UEM.TOTL.ZS,,,,,,,,,,,,,,,,,,,,,,,,,,,,,,,,1.48,1.51,1.46,1.37,1.27,1.18,1.08,1,0.92,0.84,0.75,0.69,0.73,0.77,0.8,0.81,0.82,0.85,0.97,1.04,2.65,2.65,2.66,2.61,2.57,2.52,2.44,2.37,2.32,2.54
Burkina Faso,BFA,"Unemployment, total (% of total labor force) (modeled ILO estimate)",SL.UEM.TOTL.ZS,,,,,,,,,,,,,,,,,,,,,,,,,,,,,,,,2.48,2.51,2.56,2.58,2.54,2.51,2.47,2.44,2.52,2.57,2.63,2.71,2.78,3.37,4,3.64,3.3,3.62,4.23,4.68,5.12,5.58,6.07,6.48,6.04,5.6,5.13,4.7,4.62,4.96
Bangladesh,BGD,"Unemployment, total (% of total labor force) (modeled ILO estimate)",SL.UEM.TOTL.ZS,,,,,,,,,,,,,,,,,,,,,,,,,,,,,,,,2.2,2.27,2.36,2.42,2.47,2.51,2.69,2.87,3.09,3.27,3.59,3.96,4.32,4.3,4.25,3.59,3.91,4.29,5,3.38,3.71,4.06,4.43,4.39,4.38,4.35,4.37,4.29,4.22,5.3
Bulgaria,BGR,"Unemployment, total (% of total labor force) (modeled ILO estimate)",SL.UEM.TOTL.ZS,,,,,,,,,,,,,,,,,,,,,,,,,,,,,,,,13.4,13.5,13.67,13.72,13.71,13.72,13.7,12.2,14.1,16.22,19.92,18.11,13.73,12.04,10.08,8.95,6.88,5.61,6.82,10.28,11.26,12.27,12.94,11.42,9.14,7.58,6.16,5.21,4.23,5.71
Bahrain,BHR,"Unemployment, total (% of total labor force) (modeled ILO estimate)",SL.UEM.TOTL.ZS,,,,,,,,,,,,,,,,,,,,,,,,,,,,,,,,0.88,0.86,0.83,0.84,0.85,0.87,0.9,0.92,0.93,0.95,0.98,0.98,1,1.03,1.07,1.13,1.2,1.22,1.13,1.13,1.18,1.2,1.22,1.27,1.32,1.38,1.44,1.51,1.56,4.09
"Bahamas, The",BHS,"Unemployment, total (% of total labor force) (modeled ILO estimate)",SL.UEM.TOTL.ZS,,,,,,,,,,,,,,,,,,,,,,,,,,,,,,,,12.17,14.81,12.72,13.83,10.83,11.46,9.76,7.65,7.45,7.16,6.87,9.05,10.84,10.2,10.2,7.54,7.88,8.18,14.25,14.33,14.52,14.02,16.18,13.8,12,12.7,9.8,10,10.11,14.41
Bosnia and Herzegovina,BIH,"Unemployment, total (% of total labor force) (modeled ILO estimate)",SL.UEM.TOTL.ZS,,,,,,,,,,,,,,,,,,,,,,,,,,,,,,,,17.55,18.43,19.4,20.29,21.13,22.01,22.88,23.78,24.78,25.67,26.59,27.65,28.64,29.54,30.4,31.11,28.98,23.41,24.07,27.31,27.58,28.01,27.49,27.52,27.69,25.41,20.53,18.4,15.69,16.85
Belarus,BLR,"Unemployment, total (% of total labor force) (modeled ILO estimate)",SL.UEM.TOTL.ZS,,,,,,,,,,,,,,,,,,,,,,,,,,,,,,,,0.6,3.1,8.5,12.8,17.7,24.4,17.1,14,12.8,12,11.23,10.58,9.88,9.16,8.44,7.7,7.01,6.42,6.1,6.11,6.08,6.06,6.05,5.97,5.91,5.84,5.65,4.76,4.71,5.28
Belize,BLZ,"Unemployment, total (% of total labor force) (modeled ILO estimate)",SL.UEM.TOTL.ZS,,,,,,,,,,,,,,,,,,,,,,,,,,,,,,,,9.58,9.66,9.78,11.1,12.48,13.82,12.68,14.31,12.84,10.87,9.07,10.04,10.38,10.66,10.91,9.39,8.51,8.18,8.43,8.45,8.4,8.38,8.35,8.24,7.58,7,6.6,6.52,6.46,7.82
Bermuda,BMU,"Unemployment, total (% of total labor force) (modeled ILO estimate)",SL.UEM.TOTL.ZS,,,,,,,,,,,,,,,,,,,,,,,,,,,,,,,,,,,,,,,,,,,,,,,,,,,,,,,,,,,,,
Bolivia,BOL,"Unemployment, total (% of total labor force) (modeled ILO estimate)",SL.UEM.TOTL.ZS,,,,,,,,,,,,,,,,,,,,,,,,,,,,,,,,2.74,2.79,2.87,2.89,2.89,2.89,2.88,2.88,2.91,2.89,2.88,2.91,2.9,2.87,2.82,2.72,2.64,2.6,2.86,2.55,2.22,2.05,2.39,2.01,3.07,3.5,3.66,3.52,3.46,5.61
Brazil,BRA,"Unemployment, total (% of total labor force) (modeled ILO estimate)",SL.UEM.TOTL.ZS,,,,,,,,,,,,,,,,,,,,,,,,,,,,,,,,6.37,6.42,6.03,6.24,6.42,7.25,8.16,9.42,10.21,9.9,9.61,9.37,9.99,9.11,9.57,8.64,8.33,7.34,8.52,7.73,6.92,7.19,6.98,6.66,8.43,11.6,12.82,12.33,11.93,13.67
Barbados,BRB,"Unemployment, total (% of total labor force) (modeled ILO estimate)",SL.UEM.TOTL.ZS,,,,,,,,,,,,,,,,,,,,,,,,,,,,,,,,22.97,22.94,24.54,22.98,19.66,14.71,14.61,12.4,10.61,9.35,9.85,10.32,11,9.57,9.08,8.73,7.41,8.12,10.02,10.69,11.19,11.59,11.55,12.17,11.35,9.72,9.86,10,10.1,12.79
Brunei Darussalam,BRN,"Unemployment, total (% of total labor force) (modeled ILO estimate)",SL.UEM.TOTL.ZS,,,,,,,,,,,,,,,,,,,,,,,,,,,,,,,,4.7,4.75,4.78,4.87,4.98,5.09,5.2,5.32,5.41,5.53,5.64,5.73,5.82,5.95,6.1,6.3,6.49,6.61,6.46,6.51,6.64,6.71,6.8,6.97,7.69,8.47,9.32,8.7,6.92,8.37
Bhutan,BTN,"Unemployment, total (% of total labor force) (modeled ILO estimate)",SL.UEM.TOTL.ZS,,,,,,,,,,,,,,,,,,,,,,,,,,,,,,,,1.34,1.36,1.39,1.4,1.4,1.4,1.4,1.4,1.4,1.64,1.9,1.86,1.8,2.49,3.1,3.13,3.7,3.68,3.96,3.32,3.23,2.05,2.87,2.63,2.45,2.42,2.36,2.3,2.27,3.74
Botswana,BWA,"Unemployment, total (% of total labor force) (modeled ILO estimate)",SL.UEM.TOTL.ZS,,,,,,,,,,,,,,,,,,,,,,,,,,,,,,,,13.82,16.09,18.61,21.2,21.39,21.59,21.22,20.86,18.34,15.88,18.54,21.13,23.8,21.76,19.77,17.78,17,16.35,16.17,17.86,17.85,17.86,17.88,17.78,17.71,17.62,17.46,17.32,17.21,17.7
Central African Republic,CAF,"Unemployment, total (% of total labor force) (modeled ILO estimate)",SL.UEM.TOTL.ZS,,,,,,,,,,,,,,,,,,,,,,,,,,,,,,,,4.29,4.35,4.44,4.47,4.47,4.47,4.46,4.46,4.5,4.47,4.45,4.49,4.49,4.44,4.38,4.27,4.17,4.12,4.34,4.38,4.38,4.38,4.39,4.34,4.3,4.25,4.17,4.09,4.04,4.33
Canada,CAN,"Unemployment, total (% of total labor force) (modeled ILO estimate)",SL.UEM.TOTL.ZS,,,,,,,,,,,,,,,,,,,,,,,,,,,,,,,,10.32,11.2,11.38,10.4,9.49,9.62,9.1,8.28,7.58,6.83,7.22,7.67,7.57,7.19,6.76,6.32,6.04,6.14,8.34,8.06,7.51,7.29,7.07,6.91,6.91,7,6.34,5.83,5.66,9.48
Central Europe and the Baltics,CEB,"Unemployment, total (% of total labor force) (modeled ILO estimate)",SL.UEM.TOTL.ZS,,,,,,,,,,,,,,,,,,,,,,,,,,,,,,,,9.841267234,10.07141703,11.30217452,11.41744628,11.00977016,10.26354929,9.156204106,8.952602764,10.38508244,12.43365201,13.22653744,13.74528171,12.9575382,12.93416902,12.0561859,10.10488725,7.807919553,6.606206119,8.490134204,9.901324676,9.78950134,9.977872216,10.04678071,8.949772556,7.814061976,6.487567247,5.295027382,4.314951436,3.779593495,4.561819653
Switzerland,CHE,"Unemployment, total (% of total labor force) (modeled ILO estimate)",SL.UEM.TOTL.ZS,,,,,,,,,,,,,,,,,,,,,,,,,,,,,,,,1.78,2.81,3.72,3.88,3.33,3.71,4.2,3.6,3.15,2.67,2.49,2.92,4.12,4.32,4.44,4,3.65,3.35,4.12,4.8,4.4,4.49,4.75,4.83,4.8,4.92,4.8,4.71,4.39,4.94
Channel Islands,CHI,"Unemployment, total (% of total labor force) (modeled ILO estimate)",SL.UEM.TOTL.ZS,,,,,,,,,,,,,,,,,,,,,,,,,,,,,,,,5.63,5.59,5.53,5.56,5.61,5.67,5.73,5.78,5.81,5.88,5.94,5.96,5.99,6.07,6.16,6.31,6.45,6.5,6.29,6.28,6.35,6.37,6.41,6.51,6.62,6.74,6.87,7.01,7.11,8.16
Chile,CHL,"Unemployment, total (% of total labor force) (modeled ILO estimate)",SL.UEM.TOTL.ZS,,,,,,,,,,,,,,,,,,,,,,,,,,,,,,,,5.23,4.35,4.49,5.87,4.7,7.41,7.14,7.31,11.16,10.49,10.39,10.17,9.77,10.16,9.34,9.02,8.43,9.29,11.31,8.42,7.34,6.66,6.21,6.67,6.51,6.74,6.96,7.23,7.29,11.51
China,CHN,"Unemployment, total (% of total labor force) (modeled ILO estimate)",SL.UEM.TOTL.ZS,,,,,,,,,,,,,,,,,,,,,,,,,,,,,,,,2.4,2.4,2.7,2.9,3,3.1,3.2,3.2,3.3,3.3,3.8,4.2,4.6,4.5,4.5,4.4,4.3,4.6,4.7,4.5,4.5,4.6,4.6,4.6,4.6,4.5,4.4,4.3,4.6,5
Cote d'Ivoire,CIV,"Unemployment, total (% of total labor force) (modeled ILO estimate)",SL.UEM.TOTL.ZS,,,,,,,,,,,,,,,,,,,,,,,,,,,,,,,,6.62,6.7,5.84,4.95,4.1,4.1,4.1,4.1,4.33,4.52,4.71,4.96,5.18,5.36,5.51,5.61,5.71,5.88,6.41,6.71,6.96,7.22,4.25,3.65,3.1,2.6,3.27,3.21,3.17,3.5
Cameroon,CMR,"Unemployment, total (% of total labor force) (modeled ILO estimate)",SL.UEM.TOTL.ZS,,,,,,,,,,,,,,,,,,,,,,,,,,,,,,,,7.79,7.88,8.02,8.06,8.06,8.06,7.93,7.81,7.75,7.6,7.46,6.68,5.9,5.13,4.4,3.69,3.06,3.31,3.77,4.11,3.97,3.84,3.71,3.53,3.51,3.47,3.41,3.36,3.32,3.62
"Congo, Dem. Rep.",COD,"Unemployment, total (% of total labor force) (modeled ILO estimate)",SL.UEM.TOTL.ZS,,,,,,,,,,,,,,,,,,,,,,,,,,,,,,,,2.79,2.83,2.89,2.91,2.91,2.91,2.9,2.9,2.93,2.91,2.9,2.92,2.92,2.89,2.85,2.98,3.11,3.29,3.7,3.98,4.22,4.49,4.49,4.44,4.4,4.35,4.26,4.18,4.13,4.55
"Congo, Rep.",COG,"Unemployment, total (% of total labor force) (modeled ILO estimate)",SL.UEM.TOTL.ZS,,,,,,,,,,,,,,,,,,,,,,,,,,,,,,,,19.59,19.72,19.93,20,19.99,19.99,19.97,19.97,20.05,20,19.96,20.04,20.03,19.94,19.8,18.61,17.49,16.52,16.1,13.95,11.89,10,10.01,9.95,9.9,9.85,9.75,9.66,9.6,10.27
Colombia,COL,"Unemployment, total (% of total labor force) (modeled ILO estimate)",SL.UEM.TOTL.ZS,,,,,,,,,,,,,,,,,,,,,,,,,,,,,,,,10.12,9.44,7.8,8.25,8.72,11.81,12.14,15,20.06,20.52,15.04,15.63,14.19,13.72,11.87,11.53,11.2,11.27,12.07,10.98,10.11,9.74,9.05,8.57,8.3,8.69,8.87,9.11,9.96,15.44
Comoros,COM,"Unemployment, total (% of total labor force) (modeled ILO estimate)",SL.UEM.TOTL.ZS,,,,,,,,,,,,,,,,,,,,,,,,,,,,,,,,4.45,4.5,4.57,4.59,4.59,4.59,4.58,4.58,4.61,4.59,4.58,4.61,4.61,4.57,4.84,5.07,5.3,5.59,6.19,6.6,6.98,7.39,7.81,8.14,8.09,8.01,7.89,7.78,7.7,8.43
Cabo Verde,CPV,"Unemployment, total (% of total labor force) (modeled ILO estimate)",SL.UEM.TOTL.ZS,,,,,,,,,,,,,,,,,,,,,,,,,,,,,,,,10.55,10.62,10.75,10.79,10.78,10.78,10.77,10.77,10.82,10.79,10.76,10.81,10.81,10.75,10.67,10.51,10.37,10.31,10.62,10.67,10.93,11.21,11.49,11.69,11.9,12.1,12.24,12.17,12.07,13.41
Costa Rica,CRI,"Unemployment, total (% of total labor force) (modeled ILO estimate)",SL.UEM.TOTL.ZS,,,,,,,,,,,,,,,,,,,,,,,,,,,,,,,,5.37,3.93,3.95,4.05,5.18,6.16,5.68,5.33,5.9,5.08,5.92,6.33,6.56,6.39,6.57,5.74,4.49,4.78,7.71,7.17,10.14,9.78,8.77,9.06,9,8.6,8.14,9.63,11.49,17.08
Caribbean small states,CSS,"Unemployment, total (% of total labor force) (modeled ILO estimate)",SL.UEM.TOTL.ZS,,,,,,,,,,,,,,,,,,,,,,,,,,,,,,,,13.11246738,13.26716341,13.42597332,12.80222302,12.60168011,12.41213349,12.49140823,11.92696955,11.96354042,11.62607601,11.28653526,11.14187018,10.17643329,9.826438439,9.627627056,8.900222817,8.544580352,8.813727374,9.869382483,10.35345155,10.53233848,11.16144403,11.70418676,10.8999867,10.65520003,10.65267611,9.791035467,8.743085317,8.031633323,9.798045914
Cuba,CUB,"Unemployment, total (% of total labor force) (modeled ILO estimate)",SL.UEM.TOTL.ZS,,,,,,,,,,,,,,,,,,,,,,,,,,,,,,,,7.94,8.04,8.22,8.28,8.27,7.61,7.1,6.23,6.26,5.45,4.08,3.31,2.33,1.85,1.95,1.91,1.79,1.58,1.67,2.5,3.18,3.46,3.29,2.7,2.4,2,1.7,1.7,1.67,3.87
Curacao,CUW,"Unemployment, total (% of total labor force) (modeled ILO estimate)",SL.UEM.TOTL.ZS,,,,,,,,,,,,,,,,,,,,,,,,,,,,,,,,,,,,,,,,,,,,,,,,,,,,,,,,,,,,,
Cayman Islands,CYM,"Unemployment, total (% of total labor force) (modeled ILO estimate)",SL.UEM.TOTL.ZS,,,,,,,,,,,,,,,,,,,,,,,,,,,,,,,,,,,,,,,,,,,,,,,,,,,,,,,,,,,,,
Cyprus,CYP,"Unemployment, total (% of total labor force) (modeled ILO estimate)",SL.UEM.TOTL.ZS,,,,,,,,,,,,,,,,,,,,,,,,,,,,,,,,2.09,2.09,2.46,2.89,3.36,3.89,4.46,5.07,5.7,4.97,3.98,3.3,4.14,4.33,5.3,4.54,3.92,3.66,5.36,6.26,7.86,11.8,15.87,16.09,14.91,12.95,11.05,8.37,7.07,7.21
Czech Republic,CZE,"Unemployment, total (% of total labor force) (modeled ILO estimate)",SL.UEM.TOTL.ZS,,,,,,,,,,,,,,,,,,,,,,,,,,,,,,,,2.27,3.22,4.32,4.3,4.02,3.89,4.27,5.9,8.49,8.76,7.99,7.02,7.54,8.21,7.93,7.15,5.32,4.39,6.66,7.28,6.71,6.98,6.95,6.11,5.05,3.95,2.89,2.24,2.01,2.94
Germany,DEU,"Unemployment, total (% of total labor force) (modeled ILO estimate)",SL.UEM.TOTL.ZS,,,,,,,,,,,,,,,,,,,,,,,,,,,,,,,,5.32,6.32,7.68,8.73,8.16,8.83,9.86,9.79,8.86,7.92,7.77,8.48,9.78,10.73,11.17,10.25,8.66,7.53,7.74,6.97,5.82,5.38,5.23,4.98,4.62,4.12,3.75,3.38,3.14,4.31
Djibouti,DJI,"Unemployment, total (% of total labor force) (modeled ILO estimate)",SL.UEM.TOTL.ZS,,,,,,,,,,,,,,,,,,,,,,,,,,,,,,,,11.38,11.47,11.61,11.66,11.65,11.66,11.64,11.64,11.7,11.66,11.63,11.69,11.69,11.62,11.52,11.34,11.17,11.1,11.46,11.52,11.51,11.52,11.54,11.45,11.39,11.31,11.18,11.06,10.97,11.57
Dominica,DMA,"Unemployment, total (% of total labor force) (modeled ILO estimate)",SL.UEM.TOTL.ZS,,,,,,,,,,,,,,,,,,,,,,,,,,,,,,,,,,,,,,,,,,,,,,,,,,,,,,,,,,,,,
Denmark,DNK,"Unemployment, total (% of total labor force) (modeled ILO estimate)",SL.UEM.TOTL.ZS,,,,,,,,,,,,,,,,,,,,,,,,,,,,,,,,9.1,9.03,10.72,8.04,6.99,6.84,5.4,5.04,5.14,4.48,4.16,4.27,5.4,5.2,4.83,3.9,3.8,3.68,6.41,7.75,7.77,7.8,7.38,6.93,6.28,5.99,5.83,5.13,5.02,5.66
Dominican Republic,DOM,"Unemployment, total (% of total labor force) (modeled ILO estimate)",SL.UEM.TOTL.ZS,,,,,,,,,,,,,,,,,,,,,,,,,,,,,,,,6.24,6.3,6.4,6.43,6.43,6.43,6.42,6.42,6.46,6.43,7.26,6.78,6.94,6.3,6.59,5.66,5.16,4.76,5.47,5.21,6.09,6.72,7.35,6.72,7.61,7.28,5.83,5.86,6.36,8.9
Algeria,DZA,"Unemployment, total (% of total labor force) (modeled ILO estimate)",SL.UEM.TOTL.ZS,,,,,,,,,,,,,,,,,,,,,,,,,,,,,,,,20.6,24.38,26.23,27.74,31.84,28.56,25.43,26.83,28.37,29.77,27.3,25.9,23.72,17.65,15.27,12.27,13.79,11.33,10.16,9.96,9.96,10.97,9.82,10.21,11.21,10.2,12,11.89,11.81,12.83
East Asia & Pacific (excluding high income),EAP,"Unemployment, total (% of total labor force) (modeled ILO estimate)",SL.UEM.TOTL.ZS,,,,,,,,,,,,,,,,,,,,,,,,,,,,,,,,2.413562457,2.384039378,2.629170213,2.919676431,3.004669336,3.096020553,3.18229256,3.362400076,3.485682303,3.43295761,3.830016074,4.113551398,4.405636445,4.388568053,4.445635948,4.332052856,4.294922459,4.420156921,4.375171093,4.126473387,4.063121058,4.053099153,4.039910508,4.018109967,4.076293151,3.98762806,3.873144106,3.794347278,3.937943107,4.389179971
Early-demographic dividend,EAR,"Unemployment, total (% of total labor force) (modeled ILO estimate)",SL.UEM.TOTL.ZS,,,,,,,,,,,,,,,,,,,,,,,,,,,,,,,,5.315378893,5.409993411,5.652715197,5.959920969,6.273189151,6.163919634,6.036469951,6.15490178,6.322257957,6.303618658,6.382219027,6.649823679,6.54414836,6.371478806,6.289229319,5.953612397,5.809853623,5.626523746,5.873146805,5.727839176,5.675137185,5.653828083,5.732487262,5.65200526,5.787183747,5.791314007,5.685302108,5.635851425,5.601946261,6.864865785
East Asia & Pacific,EAS,"Unemployment, total (% of total labor force) (modeled ILO estimate)",SL.UEM.TOTL.ZS,,,,,,,,,,,,,,,,,,,,,,,,,,,,,,,,2.461722926,2.455573196,2.699221682,2.964570647,3.043976839,3.144552928,3.229444078,3.526288323,3.662845129,3.563306927,3.945598151,4.219847064,4.476749469,4.413075236,4.43652718,4.304650552,4.246192596,4.364740119,4.43597753,4.198877173,4.091287034,4.065747004,4.037952591,4.006021361,4.047187954,3.952384216,3.830102934,3.73533665,3.858253984,4.338749126
Europe & Central Asia (excluding high income),ECA,"Unemployment, total (% of total labor force) (modeled ILO estimate)",SL.UEM.TOTL.ZS,,,,,,,,,,,,,,,,,,,,,,,,,,,,,,,,5.271268888,5.521306362,6.248572783,7.831603932,9.115538602,9.875676093,10.72984711,11.76953262,11.95318209,10.68891368,10.00720963,9.692253191,9.44729332,9.168401884,8.555185114,8.082041269,7.290327394,7.280518755,9.020240054,8.432889907,7.818524569,7.217304958,7.239885694,7.426846242,7.541087594,7.506968311,7.251642549,6.922262225,7.134789493,7.965880748
Europe & Central Asia,ECS,"Unemployment, total (% of total labor force) (modeled ILO estimate)",SL.UEM.TOTL.ZS,,,,,,,,,,,,,,,,,,,,,,,,,,,,,,,,7.005767323,7.47575128,8.63599326,9.679514895,9.992168899,10.3386911,10.55879923,10.73831895,10.63792482,9.811526346,9.099718522,9.13322816,9.140059629,9.116242851,8.731927707,8.089263423,7.171463122,7.091559221,8.936479947,9.017600149,8.761266213,8.969747338,9.197365047,8.949873246,8.546152663,8.078895677,7.472206635,6.888105729,6.685888411,7.406752135
Ecuador,ECU,"Unemployment, total (% of total labor force) (modeled ILO estimate)",SL.UEM.TOTL.ZS,,,,,,,,,,,,,,,,,,,,,,,,,,,,,,,,4.62,4.68,4.77,4.8,4.8,4.8,4.79,4.79,4.82,4.8,4.25,4.95,5.66,5,3.78,3.55,3.14,3.92,4.61,4.09,3.46,3.24,3.08,3.48,3.62,4.6,3.84,3.53,3.81,6.23
"Egypt, Arab Rep.",EGY,"Unemployment, total (% of total labor force) (modeled ILO estimate)",SL.UEM.TOTL.ZS,,,,,,,,,,,,,,,,,,,,,,,,,,,,,,,,9.38,8.92,10.92,10.93,11.04,9,8.37,8.03,7.95,8.98,9.26,10.01,11.01,10.32,11.2,10.49,8.8,8.52,9.09,8.76,11.85,12.6,13.15,13.11,13.05,12.41,11.74,9.82,9.73,10.45
Euro area,EMU,"Unemployment, total (% of total labor force) (modeled ILO estimate)",SL.UEM.TOTL.ZS,,,,,,,,,,,,,,,,,,,,,,,,,,,,,,,,8.287940458,8.897182598,10.67688173,11.75699269,11.43656544,11.66634097,11.66060329,11.20025341,10.44038114,9.425973124,8.347991314,8.614644656,8.959623369,9.24665516,9.02067445,8.312908253,7.436473927,7.484285428,9.538052979,10.0705581,10.11013023,11.29050735,11.92764183,11.60362202,10.83792739,10.02481063,9.063260447,8.180434026,7.552298568,8.203256028
Eritrea,ERI,"Unemployment, total (% of total labor force) (modeled ILO estimate)",SL.UEM.TOTL.ZS,,,,,,,,,,,,,,,,,,,,,,,,,,,,,,,,6.65,6.72,6.83,6.87,6.87,6.87,6.86,6.86,6.9,6.87,6.85,6.89,6.89,6.84,6.76,6.62,6.5,6.44,6.72,6.76,6.76,6.77,6.78,6.71,6.66,6.6,6.5,6.41,6.34,7.44
Spain,ESP,"Unemployment, total (% of total labor force) (modeled ILO estimate)",SL.UEM.TOTL.ZS,,,,,,,,,,,,,,,,,,,,,,,,,,,,,,,,15.93,17.7,22.16,24.21,22.68,22.14,20.7,18.67,15.48,13.79,10.35,11.15,11.28,11.09,9.15,8.45,8.23,11.25,17.86,19.86,21.39,24.79,26.09,24.44,22.06,19.64,17.22,15.26,14.1,15.67
Estonia,EST,"Unemployment, total (% of total labor force) (modeled ILO estimate)",SL.UEM.TOTL.ZS,,,,,,,,,,,,,,,,,,,,,,,,,,,,,,,,1.47,3.68,6.54,7.56,9.66,9.92,10.37,9.51,11.57,13.36,13.13,10.03,11.29,10.25,8.03,5.92,4.59,5.46,13.55,16.71,12.33,10.02,8.63,7.35,6.19,6.76,5.76,5.37,4.45,6.46
Ethiopia,ETH,"Unemployment, total (% of total labor force) (modeled ILO estimate)",SL.UEM.TOTL.ZS,,,,,,,,,,,,,,,,,,,,,,,,,,,,,,,,2.96,3.01,3.08,3.1,3.21,3.33,3.44,3.56,3.71,3.49,3.28,3.11,2.92,2.71,2.5,2.39,2.29,2.24,2.35,2.34,2.3,2.28,2.25,2.22,2.2,2.17,2.12,2.07,2.04,2.79
European Union,EUU,"Unemployment, total (% of total labor force) (modeled ILO estimate)",SL.UEM.TOTL.ZS,,,,,,,,,,,,,,,,,,,,,,,,,,,,,,,,8.679989288,9.209858216,10.75516048,11.50868486,11.10249063,11.11341062,10.86986479,10.4483107,10.18023265,9.824929558,9.195806895,9.541742345,9.647262971,9.882398685,9.570432713,8.625861988,7.448928643,7.20456355,9.124110697,9.800563319,9.838689372,10.808461,11.32879871,10.84778763,10.02450616,9.121549371,8.140143189,7.267544741,6.6980312,7.374928179
Fragile and conflict affected situations,FCS,"Unemployment, total (% of total labor force) (modeled ILO estimate)",SL.UEM.TOTL.ZS,,,,,,,,,,,,,,,,,,,,,,,,,,,,,,,,5.017936606,4.993317959,5.033375842,5.186531974,5.320623115,5.451921457,5.452971565,5.466552237,5.703291927,5.740493807,5.807224624,6.038102608,6.075851181,5.993614164,5.754849572,5.571736428,5.46793712,5.43925604,5.432243429,5.618092896,5.672689139,5.744278732,5.85298416,6.066498213,6.046583611,6.662958174,7.023291872,6.913563062,6.881280525,7.507908236
Finland,FIN,"Unemployment, total (% of total labor force) (modeled ILO estimate)",SL.UEM.TOTL.ZS,,,,,,,,,,,,,,,,,,,,,,,,,,,,,,,,6.5,11.6,16.2,16.43,17.01,15.57,14.97,13.21,11.69,11.13,10.29,10.42,10.47,10.36,8.38,7.72,6.85,6.37,8.25,8.39,7.78,7.69,8.19,8.66,9.38,8.82,8.64,7.36,6.7,7.83
Fiji,FJI,"Unemployment, total (% of total labor force) (modeled ILO estimate)",SL.UEM.TOTL.ZS,,,,,,,,,,,,,,,,,,,,,,,,,,,,,,,,3.81,3.86,3.94,3.96,3.96,3.96,3.95,3.95,3.98,3.96,3.95,3.98,3.97,3.94,3.89,3.87,3.87,3.91,4.2,4.32,4.41,4.42,4.44,4.39,4.36,4.32,4.24,4.16,4.11,4.79
France,FRA,"Unemployment, total (% of total labor force) (modeled ILO estimate)",SL.UEM.TOTL.ZS,,,,,,,,,,,,,,,,,,,,,,,,,,,,,,,,9.13,10.21,11.32,12.59,11.84,12.37,12.57,12.08,11.98,10.22,8.61,8.7,8.31,8.91,8.49,8.45,7.66,7.06,8.74,8.87,8.81,9.4,9.92,10.29,10.35,10.04,9.41,9.02,8.44,8.62
Faroe Islands,FRO,"Unemployment, total (% of total labor force) (modeled ILO estimate)",SL.UEM.TOTL.ZS,,,,,,,,,,,,,,,,,,,,,,,,,,,,,,,,,,,,,,,,,,,,,,,,,,,,,,,,,,,,,
"Micronesia, Fed. Sts.",FSM,"Unemployment, total (% of total labor force) (modeled ILO estimate)",SL.UEM.TOTL.ZS,,,,,,,,,,,,,,,,,,,,,,,,,,,,,,,,,,,,,,,,,,,,,,,,,,,,,,,,,,,,,
Gabon,GAB,"Unemployment, total (% of total labor force) (modeled ILO estimate)",SL.UEM.TOTL.ZS,,,,,,,,,,,,,,,,,,,,,,,,,,,,,,,,17.51,17.61,17.78,17.77,17.7,17.64,17.56,17.49,17.49,17.39,17.29,17.29,17.22,17.08,16.91,17.37,17.84,18.44,19.59,20.39,20.38,20.4,20.41,20.3,20.22,20.11,19.93,19.77,19.64,20.47
United Kingdom,GBR,"Unemployment, total (% of total labor force) (modeled ILO estimate)",SL.UEM.TOTL.ZS,,,,,,,,,,,,,,,,,,,,,,,,,,,,,,,,8.55,9.78,10.35,9.65,8.69,8.19,7.07,6.2,6.04,5.56,4.7,5.04,4.81,4.59,4.75,5.35,5.26,5.62,7.54,7.79,8.04,7.89,7.52,6.11,5.3,4.81,4.33,4,3.74,4.34
Georgia,GEO,"Unemployment, total (% of total labor force) (modeled ILO estimate)",SL.UEM.TOTL.ZS,,,,,,,,,,,,,,,,,,,,,,,,,,,,,,,,2.7,5.4,5.4,8.4,7.6,11.5,11.5,14.53,13.8,10.82,11.16,12.59,11.51,12.62,13.81,13.57,13.28,17.87,20.71,20.2,19.63,19.65,19.42,17.44,16.51,16.6,13.94,12.67,11.57,12.05
Ghana,GHA,"Unemployment, total (% of total labor force) (modeled ILO estimate)",SL.UEM.TOTL.ZS,,,,,,,,,,,,,,,,,,,,,,,,,,,,,,,,4.66,4.7,5.28,5.84,6.39,6.97,7.57,8.2,10.1,10.36,9.26,8.3,7.34,6.4,5.5,4.64,4.69,4.79,5.14,5.32,5.62,5.93,6.26,6.52,6.81,5.45,4.22,4.16,4.12,4.53
Gibraltar,GIB,"Unemployment, total (% of total labor force) (modeled ILO estimate)",SL.UEM.TOTL.ZS,,,,,,,,,,,,,,,,,,,,,,,,,,,,,,,,,,,,,,,,,,,,,,,,,,,,,,,,,,,,,
Guinea,GIN,"Unemployment, total (% of total labor force) (modeled ILO estimate)",SL.UEM.TOTL.ZS,,,,,,,,,,,,,,,,,,,,,,,,,,,,,,,,4.37,4.42,4.5,4.53,4.53,4.53,4.52,4.52,4.55,4.53,4.52,4.55,4.55,4.51,4.45,4.35,4.25,4.21,4.42,4.45,4.45,4.45,4.46,4.41,4.38,4.33,4.26,4.19,4.14,4.35
"Gambia, The",GMB,"Unemployment, total (% of total labor force) (modeled ILO estimate)",SL.UEM.TOTL.ZS,,,,,,,,,,,,,,,,,,,,,,,,,,,,,,,,9.29,9.37,9.49,9.53,9.53,9.53,9.52,9.52,9.57,9.53,9.51,9.56,9.56,9.5,9.41,9.26,9.12,9.05,9.36,9.41,9.41,9.42,9.43,9.35,9.3,9.24,9.12,9.02,8.94,9.64
Guinea-Bissau,GNB,"Unemployment, total (% of total labor force) (modeled ILO estimate)",SL.UEM.TOTL.ZS,,,,,,,,,,,,,,,,,,,,,,,,,,,,,,,,3.01,3.05,3.13,3.16,3.15,3.16,3.15,3.15,3.18,3.16,3.14,3.17,3.17,3.13,3.08,2.98,2.9,2.86,3.05,3.08,3.08,3.08,3.09,3.04,3.01,2.97,2.9,2.84,2.79,3.16
Equatorial Guinea,GNQ,"Unemployment, total (% of total labor force) (modeled ILO estimate)",SL.UEM.TOTL.ZS,,,,,,,,,,,,,,,,,,,,,,,,,,,,,,,,8.3,8.38,8.5,8.54,8.54,8.54,8.53,8.53,8.57,8.54,8.52,8.57,8.56,8.51,8.42,8.26,8.12,8.06,8.37,8.42,8.42,8.43,8.44,8.36,8.31,8.24,8.13,8.03,7.95,9.15
Greece,GRC,"Unemployment, total (% of total labor force) (modeled ILO estimate)",SL.UEM.TOTL.ZS,,,,,,,,,,,,,,,,,,,,,,,,,,,,,,,,7.66,7.84,8.61,8.86,9.06,9.66,9.58,10.84,11.85,11.25,10.46,9.98,9.41,10.31,9.99,9.01,8.4,7.76,9.62,12.71,17.87,24.44,27.47,26.49,24.9,23.54,21.49,19.29,17.31,16.85
Grenada,GRD,"Unemployment, total (% of total labor force) (modeled ILO estimate)",SL.UEM.TOTL.ZS,,,,,,,,,,,,,,,,,,,,,,,,,,,,,,,,,,,,,,,,,,,,,,,,,,,,,,,,,,,,,
Greenland,GRL,"Unemployment, total (% of total labor force) (modeled ILO estimate)",SL.UEM.TOTL.ZS,,,,,,,,,,,,,,,,,,,,,,,,,,,,,,,,,,,,,,,,,,,,,,,,,,,,,,,,,,,,,
Guatemala,GTM,"Unemployment, total (% of total labor force) (modeled ILO estimate)",SL.UEM.TOTL.ZS,,,,,,,,,,,,,,,,,,,,,,,,,,,,,,,,2.67,2.71,2.77,2.8,2.79,2.79,2.79,2.79,2.81,2.8,2.78,2.81,2.81,2.97,3.02,3.02,3.03,3.08,3.36,3.5,3.12,2.77,3.02,2.72,2.51,2.58,2.46,2.41,2.36,4.65
Guam,GUM,"Unemployment, total (% of total labor force) (modeled ILO estimate)",SL.UEM.TOTL.ZS,,,,,,,,,,,,,,,,,,,,,,,,,,,,,,,,3.51,3.84,5.53,7.6,7.9,8.28,9.67,7.74,13.95,15.32,13.21,11.39,9.44,7.7,7,7.4,8.3,8.95,9.3,8.2,13.3,12.2,11.5,7.6,6.9,5.4,5.49,5.59,5.65,7.51
Guyana,GUY,"Unemployment, total (% of total labor force) (modeled ILO estimate)",SL.UEM.TOTL.ZS,,,,,,,,,,,,,,,,,,,,,,,,,,,,,,,,11.82,11.9,12.01,12.02,11.99,11.96,11.92,11.89,11.91,11.84,11.79,11.81,11.61,11.34,11.06,10.7,10.84,11.05,11.69,12.05,12.35,12.67,12.99,13.21,13.46,13.69,13.85,14.02,13.91,15.82
High income,HIC,"Unemployment, total (% of total labor force) (modeled ILO estimate)",SL.UEM.TOTL.ZS,,,,,,,,,,,,,,,,,,,,,,,,,,,,,,,,6.756823477,7.294638498,7.825392855,7.831751241,7.418337073,7.419755872,7.156266004,7.072795665,6.925264993,6.523052167,6.505985913,7.011811007,7.154186992,6.97615149,6.674976331,6.130333532,5.611730561,5.877155383,7.97761118,8.231986057,7.897866367,7.935776716,7.844854797,7.240826923,6.625135933,6.154018211,5.599424651,5.087449935,4.798772052,6.808481801
"Hong Kong SAR, China",HKG,"Unemployment, total (% of total labor force) (modeled ILO estimate)",SL.UEM.TOTL.ZS,,,,,,,,,,,,,,,,,,,,,,,,,,,,,,,,1.8,1.96,1.96,1.9,3.22,2.83,2.22,4.58,6.25,4.92,5.09,7.28,7.86,6.74,5.58,4.77,4.01,3.56,5.26,4.31,3.42,3.29,3.4,3.3,3.32,3.39,3.09,3.04,2.96,5.8
Honduras,HND,"Unemployment, total (% of total labor force) (modeled ILO estimate)",SL.UEM.TOTL.ZS,,,,,,,,,,,,,,,,,,,,,,,,,,,,,,,,4.58,3.06,3.15,3.21,3.24,4.37,3.32,4.02,3.85,3.92,4,4.02,5.3,5.99,4.91,3.58,3.21,3.16,3.29,4.12,4.48,3.75,5.65,7.08,6.15,6.73,5.53,5.65,5.57,9.39
Heavily indebted poor countries (HIPC),HPC,"Unemployment, total (% of total labor force) (modeled ILO estimate)",SL.UEM.TOTL.ZS,,,,,,,,,,,,,,,,,,,,,,,,,,,,,,,,4.901036673,4.946978095,5.044873045,5.041929573,5.026776809,5.05596134,5.030864063,5.056367338,5.218192484,5.232337251,5.182846978,5.197733738,5.212151206,5.103850326,4.983883393,4.837292134,4.70776965,4.621369156,4.812986492,5.030022012,4.985323185,4.879615782,4.743364229,4.660540446,4.692841095,4.612463474,4.50874379,4.463425795,4.414010276,4.935402608
Croatia,HRV,"Unemployment, total (% of total labor force) (modeled ILO estimate)",SL.UEM.TOTL.ZS,,,,,,,,,,,,,,,,,,,,,,,,,,,,,,,,11.14,10.8,10.43,10.16,9.92,9.68,9.71,11.39,13.56,16.06,15.82,15.05,13.92,13.66,12.6,11.13,9.91,8.53,9.2,11.62,13.68,15.94,17.25,17.29,16.18,13.1,11.21,8.43,6.62,7.2
Haiti,HTI,"Unemployment, total (% of total labor force) (modeled ILO estimate)",SL.UEM.TOTL.ZS,,,,,,,,,,,,,,,,,,,,,,,,,,,,,,,,7.02,7.07,7.15,7.18,7.18,7.18,7.17,7.17,7.2,8.22,9.31,10.54,11.8,13.06,14.33,15.54,16.8,16.06,15.9,15.34,14.7,14.1,14.12,14.02,13.95,13.86,13.72,13.58,13.48,14.5
Hungary,HUN,"Unemployment, total (% of total labor force) (modeled ILO estimate)",SL.UEM.TOTL.ZS,,,,,,,,,,,,,,,,,,,,,,,,,,,,,,,,9.95,9.94,12.1,10.85,10.17,10.02,8.99,8.93,6.93,6.56,5.67,5.61,5.79,5.83,7.19,7.49,7.41,7.82,10.03,11.17,11.03,11,10.18,7.73,6.81,5.12,4.16,3.71,3.42,4.35
IBRD only,IBD,"Unemployment, total (% of total labor force) (modeled ILO estimate)",SL.UEM.TOTL.ZS,,,,,,,,,,,,,,,,,,,,,,,,,,,,,,,,4.554655623,4.579189597,4.841933777,5.226595843,5.534802526,5.612060006,5.692331565,5.918479861,6.170271199,6.071372786,6.19956652,6.4241597,6.52025777,6.334126722,6.251455001,5.955070361,5.720384755,5.648043743,6.001466448,5.81340543,5.696393639,5.662748368,5.644849781,5.616504039,5.73788674,5.842861985,5.785719472,5.655390788,5.749508661,6.746437791
IDA & IBRD total,IBT,"Unemployment, total (% of total labor force) (modeled ILO estimate)",SL.UEM.TOTL.ZS,,,,,,,,,,,,,,,,,,,,,,,,,,,,,,,,4.399743753,4.431104993,4.675917408,5.009410834,5.27023648,5.353374476,5.421859959,5.624361979,5.845748106,5.761249833,5.863002753,6.051526821,6.125061354,5.950257977,5.860192669,5.578321835,5.369073142,5.310004644,5.627472722,5.464166728,5.372271948,5.360534986,5.367671954,5.324640994,5.453342235,5.585249445,5.560420082,5.44634511,5.505675616,6.415048662
IDA total,IDA,"Unemployment, total (% of total labor force) (modeled ILO estimate)",SL.UEM.TOTL.ZS,,,,,,,,,,,,,,,,,,,,,,,,,,,,,,,,3.619517415,3.691844247,3.855539143,3.947013143,3.989663541,4.115112682,4.143568016,4.251409691,4.347078239,4.345499492,4.346785518,4.391432733,4.384248951,4.275479635,4.170226984,3.973003223,3.891004759,3.909567138,4.102371476,4.066726155,4.096087993,4.183291246,4.301601194,4.21994436,4.396604306,4.64468703,4.757047027,4.71702157,4.671389336,5.306016363
IDA blend,IDB,"Unemployment, total (% of total labor force) (modeled ILO estimate)",SL.UEM.TOTL.ZS,,,,,,,,,,,,,,,,,,,,,,,,,,,,,,,,2.874805453,2.988939705,3.215150577,3.427704312,3.517297619,3.776996324,3.799629765,3.958997307,3.927883665,3.772858523,3.648092132,3.523695749,3.365809613,3.189870612,3.043361862,2.865057854,2.646886827,2.635041959,2.785957897,2.862229629,2.869480483,3.134129939,3.56890337,3.410880434,3.976408679,4.871649384,5.381262366,5.450328103,5.437643893,5.956367341
Indonesia,IDN,"Unemployment, total (% of total labor force) (modeled ILO estimate)",SL.UEM.TOTL.ZS,,,,,,,,,,,,,,,,,,,,,,,,,,,,,,,,2.62,2.73,2.78,4.37,4.61,4.86,4.68,5.78,6.36,6.08,6.08,6.6,6.66,7.3,7.95,7.55,8.06,7.21,6.11,5.61,5.15,4.47,4.34,4.05,4.51,4.3,3.88,4.4,3.62,4.11
IDA only,IDX,"Unemployment, total (% of total labor force) (modeled ILO estimate)",SL.UEM.TOTL.ZS,,,,,,,,,,,,,,,,,,,,,,,,,,,,,,,,3.947001416,4.00056493,4.135479742,4.174280625,4.194583597,4.262378861,4.294104753,4.379354732,4.530805144,4.597313635,4.653086651,4.770935632,4.830685199,4.752464094,4.663451184,4.458890836,4.439554493,4.473575024,4.68906811,4.606754374,4.649326802,4.654094607,4.628130186,4.580438775,4.584798368,4.543479353,4.479145488,4.390176133,4.328173256,5.016309065
Isle of Man,IMN,"Unemployment, total (% of total labor force) (modeled ILO estimate)",SL.UEM.TOTL.ZS,,,,,,,,,,,,,,,,,,,,,,,,,,,,,,,,,,,,,,,,,,,,,,,,,,,,,,,,,,,,,
India,IND,"Unemployment, total (% of total labor force) (modeled ILO estimate)",SL.UEM.TOTL.ZS,,,,,,,,,,,,,,,,,,,,,,,,,,,,,,,,5.55,5.61,5.72,5.75,5.75,5.75,5.74,5.74,5.78,5.75,5.73,5.77,5.77,5.72,5.65,5.52,5.41,5.36,5.61,5.65,5.65,5.66,5.67,5.6,5.56,5.51,5.41,5.33,5.27,7.11
Not classified,INX,"Unemployment, total (% of total labor force) (modeled ILO estimate)",SL.UEM.TOTL.ZS,,,,,,,,,,,,,,,,,,,,,,,,,,,,,,,,,,,,,,,,,,,,,,,,,,,,,,,,,,,,,
Ireland,IRL,"Unemployment, total (% of total labor force) (modeled ILO estimate)",SL.UEM.TOTL.ZS,,,,,,,,,,,,,,,,,,,,,,,,,,,,,,,,15.78,15.03,15.59,14.57,11.98,11.72,10.2,7.7,5.8,4.32,3.68,4.22,4.48,4.49,4.34,4.42,4.98,6.77,12.61,14.53,15.35,15.45,13.74,11.86,9.91,8.37,6.71,5.74,4.95,5.92
"Iran, Islamic Rep.",IRN,"Unemployment, total (% of total labor force) (modeled ILO estimate)",SL.UEM.TOTL.ZS,,,,,,,,,,,,,,,,,,,,,,,,,,,,,,,,11.1,10.72,10.39,9.98,9.53,9.1,9.66,10.24,10.89,11.48,12.09,12.8,11.54,10.3,12.1,11.2,10.6,10.48,11.97,13.52,12.45,12.63,10.44,10.57,11.06,12.43,12.1,12.06,11.14,10.96
Iraq,IRQ,"Unemployment, total (% of total labor force) (modeled ILO estimate)",SL.UEM.TOTL.ZS,,,,,,,,,,,,,,,,,,,,,,,,,,,,,,,,8.81,8.88,9,9.04,9.04,9.04,9.03,9.03,9.07,9.04,9.02,9.07,9.06,9.01,8.93,8.78,8.65,8.4,8.49,8.34,8.15,7.97,9.27,10.59,10.72,10.82,13.02,12.87,12.76,13.74
Iceland,ISL,"Unemployment, total (% of total labor force) (modeled ILO estimate)",SL.UEM.TOTL.ZS,,,,,,,,,,,,,,,,,,,,,,,,,,,,,,,,2.55,4.31,5.26,5.33,5.2,3.6,3.72,3.07,2.18,1.94,1.87,2.99,4,4.03,2.55,2.83,2.25,2.95,7.22,7.56,7.03,6,5.38,4.9,3.98,2.98,2.74,2.7,3.51,5.01
Israel,ISR,"Unemployment, total (% of total labor force) (modeled ILO estimate)",SL.UEM.TOTL.ZS,,,,,,,,,,,,,,,,,,,,,,,,,,,,,,,,13.39,14.08,12.74,9.93,8.78,8.46,9.75,10.75,11.18,11.1,11.81,12.89,13.51,13.03,11.34,10.71,9.38,7.7,9.53,8.48,7.14,6.86,6.21,5.89,5.25,4.8,4.22,4,3.8,4.61
Italy,ITA,"Unemployment, total (% of total labor force) (modeled ILO estimate)",SL.UEM.TOTL.ZS,,,,,,,,,,,,,,,,,,,,,,,,,,,,,,,,10.1,9.33,10.24,11.09,11.67,11.87,12,12.12,11.69,10.84,9.6,9.21,8.87,7.87,7.73,6.78,6.08,6.72,7.75,8.36,8.36,10.66,12.15,12.68,11.9,11.69,11.21,10.61,9.95,9.31
Jamaica,JAM,"Unemployment, total (% of total labor force) (modeled ILO estimate)",SL.UEM.TOTL.ZS,,,,,,,,,,,,,,,,,,,,,,,,,,,,,,,,15.74,15.75,16.32,15.34,16.23,16.01,16.35,15.5,15.74,15.54,14.93,14.19,11.74,11.44,11.26,10.33,9.75,10.33,11.36,12.37,12.7,13.93,15.25,13.74,13.51,13.19,11.63,9.1,7.72,8.4
Jordan,JOR,"Unemployment, total (% of total labor force) (modeled ILO estimate)",SL.UEM.TOTL.ZS,,,,,,,,,,,,,,,,,,,,,,,,,,,,,,,,19.36,19.49,19.7,17.09,14.6,13.7,13.69,13.69,13.74,13.7,14.7,15.3,14.5,14.67,14.8,14,13.1,12.7,12.9,12.5,12.9,12.2,12.6,11.9,13.08,15.28,15.78,16.29,16.85,18.5
Japan,JPN,"Unemployment, total (% of total labor force) (modeled ILO estimate)",SL.UEM.TOTL.ZS,,,,,,,,,,,,,,,,,,,,,,,,,,,,,,,,2.1,2.2,2.5,2.9,3.2,3.4,3.4,4.1,4.7,4.7,5,5.4,5.3,4.7,4.4,4.1,3.9,4,5.1,5.1,4.52,4.3,4,3.6,3.4,3.1,2.8,2.4,2.4,2.97
Kazakhstan,KAZ,"Unemployment, total (% of total labor force) (modeled ILO estimate)",SL.UEM.TOTL.ZS,,,,,,,,,,,,,,,,,,,,,,,,,,,,,,,,0.9,1,1.11,7.54,10.98,12.96,13.01,13.13,13.46,12.75,10.43,9.33,8.78,8.4,8.13,7.79,7.26,6.63,6.55,5.77,5.39,5.29,5.2,5.06,4.93,4.96,4.9,4.85,4.8,6.05
Kenya,KEN,"Unemployment, total (% of total labor force) (modeled ILO estimate)",SL.UEM.TOTL.ZS,,,,,,,,,,,,,,,,,,,,,,,,,,,,,,,,2.79,2.83,2.9,2.93,2.92,2.93,2.92,2.92,2.95,2.93,2.91,2.94,2.94,2.91,2.86,2.77,2.69,2.66,2.83,2.86,2.86,2.86,2.87,2.82,2.8,2.76,2.69,2.64,2.6,2.98
Kyrgyz Republic,KGZ,"Unemployment, total (% of total labor force) (modeled ILO estimate)",SL.UEM.TOTL.ZS,,,,,,,,,,,,,,,,,,,,,,,,,,,,,,,,1,1.1,3.4,4.7,5.6,7.3,7.5,8.9,8.4,7.54,7.84,12.55,9.92,8.53,8.11,8.27,8.1,8.22,8.41,8.64,8.53,8.43,8.33,8.05,7.56,7.21,6.89,6.79,6.72,7.89
Cambodia,KHM,"Unemployment, total (% of total labor force) (modeled ILO estimate)",SL.UEM.TOTL.ZS,,,,,,,,,,,,,,,,,,,,,,,,,,,,,,,,0.77,0.79,0.83,0.84,0.84,0.84,0.89,0.95,1.02,1.07,1.12,1.21,1.27,1.31,1.32,1.29,1.26,0.83,0.58,0.77,0.58,0.51,0.44,0.69,0.39,0.72,0.14,0.13,0.13,0.31
Kiribati,KIR,"Unemployment, total (% of total labor force) (modeled ILO estimate)",SL.UEM.TOTL.ZS,,,,,,,,,,,,,,,,,,,,,,,,,,,,,,,,,,,,,,,,,,,,,,,,,,,,,,,,,,,,,
St. Kitts and Nevis,KNA,"Unemployment, total (% of total labor force) (modeled ILO estimate)",SL.UEM.TOTL.ZS,,,,,,,,,,,,,,,,,,,,,,,,,,,,,,,,,,,,,,,,,,,,,,,,,,,,,,,,,,,,,
"Korea, Rep.",KOR,"Unemployment, total (% of total labor force) (modeled ILO estimate)",SL.UEM.TOTL.ZS,,,,,,,,,,,,,,,,,,,,,,,,,,,,,,,,2.41,2.51,2.88,2.48,2.06,2.05,2.61,6.96,6.34,4.4,4,3.3,3.6,3.7,3.7,3.5,3.2,3.2,3.6,3.7,3.4,3.2,3.1,3.5,3.55,3.65,3.65,3.82,3.75,4.07
Kuwait,KWT,"Unemployment, total (% of total labor force) (modeled ILO estimate)",SL.UEM.TOTL.ZS,,,,,,,,,,,,,,,,,,,,,,,,,,,,,,,,0.81,0.81,0.8,0.7,0.7,0.7,0.7,0.7,0.7,0.8,0.8,1.1,1.3,1.7,1.49,1.3,1.5,1.75,1.64,1.82,2.07,2.3,2.56,2.9,2.2,2.16,2.25,2.34,2.41,6.79
Latin America & Caribbean (excluding high income),LAC,"Unemployment, total (% of total labor force) (modeled ILO estimate)",SL.UEM.TOTL.ZS,,,,,,,,,,,,,,,,,,,,,,,,,,,,,,,,6.097488794,6.050654832,6.084842526,6.596953048,7.834759696,8.049758212,7.925582565,8.331300656,9.12693743,9.107680084,8.647317422,8.995267148,8.837495691,8.300459573,7.841527542,7.165998453,6.782511124,6.371383625,7.331212931,6.852805342,6.402185669,6.343571479,6.308194829,6.116071823,6.673552742,7.82896037,8.118666878,7.980300774,8.006403825,10.22666966
Lao PDR,LAO,"Unemployment, total (% of total labor force) (modeled ILO estimate)",SL.UEM.TOTL.ZS,,,,,,,,,,,,,,,,,,,,,,,,,,,,,,,,2.45,2.49,2.58,2.6,2.6,2.46,2.32,2.19,2.09,1.95,1.82,1.73,1.62,1.49,1.35,1.15,0.99,0.85,0.81,0.71,0.71,0.71,0.71,0.7,0.69,0.67,0.65,0.64,0.62,0.95
Lebanon,LBN,"Unemployment, total (% of total labor force) (modeled ILO estimate)",SL.UEM.TOTL.ZS,,,,,,,,,,,,,,,,,,,,,,,,,,,,,,,,8.4,8.47,8.59,8.63,8.63,8.63,8.62,8.51,8.45,8.31,8.18,8.12,8.01,7.85,8.27,8.62,8.98,7.45,6.36,6.4,6.39,6.4,6.41,6.35,6.31,6.26,6.18,6.1,6.04,6.61
Liberia,LBR,"Unemployment, total (% of total labor force) (modeled ILO estimate)",SL.UEM.TOTL.ZS,,,,,,,,,,,,,,,,,,,,,,,,,,,,,,,,2.21,2.24,2.3,2.32,2.32,2.32,2.31,2.31,2.34,2.32,2.31,2.33,2.33,2.3,2.27,2.19,2.13,2.11,2.24,2.27,2.24,2.21,2.19,2.13,2.08,3.08,3,2.94,2.89,3.3
Libya,LBY,"Unemployment, total (% of total labor force) (modeled ILO estimate)",SL.UEM.TOTL.ZS,,,,,,,,,,,,,,,,,,,,,,,,,,,,,,,,18.85,18.96,19.14,19.19,19.19,19.19,19.17,19.17,19.24,19.19,19.16,19.23,19.23,19.14,19.02,18.8,18.6,18.51,18.95,19.03,19.02,19.03,19.05,18.94,18.87,18.77,18.61,18.46,18.34,19.39
St. Lucia,LCA,"Unemployment, total (% of total labor force) (modeled ILO estimate)",SL.UEM.TOTL.ZS,,,,,,,,,,,,,,,,,,,,,,,,,,,,,,,,16.55,16.64,16.8,17,15.83,16.33,20.47,21.6,18.09,16.49,18.34,20.39,22.18,20.97,18.7,16,14,12.72,15.37,17.11,18.86,19.06,22.21,21.41,20.67,19.91,19.1,19.29,15.59,17.13
Latin America & Caribbean,LCN,"Unemployment, total (% of total labor force) (modeled ILO estimate)",SL.UEM.TOTL.ZS,,,,,,,,,,,,,,,,,,,,,,,,,,,,,,,,6.173369057,6.107921142,6.144209174,6.655403356,7.790633404,8.070391124,7.944904933,8.331467515,9.196403396,9.16140121,8.743802968,9.083827829,8.921246216,8.383785418,7.921447758,7.256014467,6.86315763,6.490773399,7.485787984,6.94636838,6.474950493,6.392243707,6.341959807,6.167784805,6.691088339,7.805506814,8.083543187,7.956345209,7.986166722,10.28013515
Least developed countries: UN classification,LDC,"Unemployment, total (% of total labor force) (modeled ILO estimate)",SL.UEM.TOTL.ZS,,,,,,,,,,,,,,,,,,,,,,,,,,,,,,,,3.805919534,3.866621934,3.960396231,3.974955523,3.987367645,3.996591807,4.016473332,4.053575232,4.161281455,4.193048365,4.24534819,4.375683772,4.490290912,4.460681327,4.426882688,4.257743781,4.237994461,4.213287343,4.460170206,4.511491269,4.498998442,4.514994168,4.528040317,4.481647731,4.507287327,4.5240331,4.501280147,4.396135077,4.335072998,5.007622426
Low income,LIC,"Unemployment, total (% of total labor force) (modeled ILO estimate)",SL.UEM.TOTL.ZS,,,,,,,,,,,,,,,,,,,,,,,,,,,,,,,,4.358351282,4.431430252,4.55135784,4.609119877,4.660296329,4.719341694,4.763824421,4.836467644,4.952245198,4.998085637,5.042308455,5.070950105,5.059649929,4.920254461,4.793218505,4.737734942,4.720148405,4.780153634,4.813728898,4.974126802,4.950506804,4.976784406,4.877121274,4.853806606,4.879081516,4.833304338,4.747550696,4.662978184,4.613490117,5.103180499
Liechtenstein,LIE,"Unemployment, total (% of total labor force) (modeled ILO estimate)",SL.UEM.TOTL.ZS,,,,,,,,,,,,,,,,,,,,,,,,,,,,,,,,,,,,,,,,,,,,,,,,,,,,,,,,,,,,,
Sri Lanka,LKA,"Unemployment, total (% of total labor force) (modeled ILO estimate)",SL.UEM.TOTL.ZS,,,,,,,,,,,,,,,,,,,,,,,,,,,,,,,,14.66,14.22,13.82,13.03,12.27,11.35,10.6,9.17,8.88,7.74,7.9,8.76,8.22,8.38,7.67,6.5,5.97,5.22,5.85,4.78,4.12,3.88,4.24,4.19,4.52,4.24,4.05,4.32,4.27,4.84
Lower middle income,LMC,"Unemployment, total (% of total labor force) (modeled ILO estimate)",SL.UEM.TOTL.ZS,,,,,,,,,,,,,,,,,,,,,,,,,,,,,,,,4.757525368,4.828256745,5.002398514,5.204449958,5.368486588,5.404950224,5.422179628,5.606195135,5.73948453,5.713624996,5.688523157,5.735660873,5.691789476,5.583436331,5.596057288,5.32482147,5.221878231,5.063411259,5.225262703,5.145084779,5.134028064,5.119218408,5.144513464,5.086743429,5.221752197,5.305768735,5.280807096,5.191101594,5.069079019,6.175116219
Low & middle income,LMY,"Unemployment, total (% of total labor force) (modeled ILO estimate)",SL.UEM.TOTL.ZS,,,,,,,,,,,,,,,,,,,,,,,,,,,,,,,,4.298234976,4.335056214,4.57744639,4.908008342,5.185725999,5.270743666,5.354745448,5.563116864,5.754726081,5.636214688,5.721745841,5.903003291,5.982592127,5.811854592,5.73409401,5.482683455,5.305708047,5.263648783,5.568915979,5.404604376,5.315627174,5.302677242,5.309622984,5.273093218,5.414161788,5.556374165,5.54048984,5.433499087,5.496687481,6.39709234
Lesotho,LSO,"Unemployment, total (% of total labor force) (modeled ILO estimate)",SL.UEM.TOTL.ZS,,,,,,,,,,,,,,,,,,,,,,,,,,,,,,,,37.44,37.61,37.88,37.97,37.96,37.96,37.94,37.03,36.23,35.27,34.35,33.58,32.72,31.77,30.78,29.69,28.65,27.76,27.5,26.81,26.04,25.3,24.58,24.47,24.4,24.3,24.13,23.98,23.86,24.65
Late-demographic dividend,LTE,"Unemployment, total (% of total labor force) (modeled ILO estimate)",SL.UEM.TOTL.ZS,,,,,,,,,,,,,,,,,,,,,,,,,,,,,,,,3.660429826,3.630226413,3.884134792,4.262084745,4.408141678,4.57676363,4.819102764,5.085910091,5.370120552,5.210171765,5.359340061,5.536390989,5.807677723,5.623968532,5.542662916,5.277940853,5.000631427,5.071398063,5.472496616,5.174448508,5.035186293,5.040167636,5.001848463,4.91752437,5.06864189,5.240530546,5.223202578,5.034930067,5.21907271,5.934921113
Lithuania,LTU,"Unemployment, total (% of total labor force) (modeled ILO estimate)",SL.UEM.TOTL.ZS,,,,,,,,,,,,,,,,,,,,,,,,,,,,,,,,1.1,1.2,13.8,13.8,17.54,16.4,14.13,13.71,13.39,15.93,16.84,13.01,12.88,10.68,8.33,5.78,4.25,5.83,13.79,17.81,15.39,13.37,11.77,10.7,9.12,7.86,7.07,6.15,6.26,8.43
Luxembourg,LUX,"Unemployment, total (% of total labor force) (modeled ILO estimate)",SL.UEM.TOTL.ZS,,,,,,,,,,,,,,,,,,,,,,,,,,,,,,,,1.48,2.03,2.33,3.48,2.92,3.29,2.53,2.76,2.39,2.35,1.81,2.62,3.68,5.11,4.49,4.73,4.07,5.06,5.12,4.36,4.9,5.14,5.85,5.85,6.67,6.29,5.52,5.59,5.6,6.96
Latvia,LVA,"Unemployment, total (% of total labor force) (modeled ILO estimate)",SL.UEM.TOTL.ZS,,,,,,,,,,,,,,,,,,,,,,,,,,,,,,,,2.7,6.6,16.7,18.7,19,20.7,14.9,14.46,13.79,14.21,13.82,13.83,12.06,11.71,10.03,7.03,6.05,7.74,17.52,19.48,16.21,15.05,11.87,10.85,9.87,9.64,8.72,7.41,6.31,8.19
"Macao SAR, China",MAC,"Unemployment, total (% of total labor force) (modeled ILO estimate)",SL.UEM.TOTL.ZS,,,,,,,,,,,,,,,,,,,,,,,,,,,,,,,,3.01,2.2,2.1,2.5,3.6,4.2,3.2,4.6,6.3,6.8,6.4,6.3,6,4.9,4.1,3.8,3.2,3,3.58,2.84,2.56,1.97,1.82,1.7,1.81,1.9,2,1.8,1.7,2.5
St. Martin (French part),MAF,"Unemployment, total (% of total labor force) (modeled ILO estimate)",SL.UEM.TOTL.ZS,,,,,,,,,,,,,,,,,,,,,,,,,,,,,,,,,,,,,,,,,,,,,,,,,,,,,,,,,,,,,
Morocco,MAR,"Unemployment, total (% of total labor force) (modeled ILO estimate)",SL.UEM.TOTL.ZS,,,,,,,,,,,,,,,,,,,,,,,,,,,,,,,,13.57,13.67,13.84,13.9,13.89,13.89,13.88,13.88,13.94,13.58,12.46,11.59,11.92,10.83,11.01,9.67,9.56,9.57,8.96,9.09,8.91,8.99,9.23,9.7,9.46,9.3,9.19,9.08,9.01,10.15
Monaco,MCO,"Unemployment, total (% of total labor force) (modeled ILO estimate)",SL.UEM.TOTL.ZS,,,,,,,,,,,,,,,,,,,,,,,,,,,,,,,,,,,,,,,,,,,,,,,,,,,,,,,,,,,,,
Moldova,MDA,"Unemployment, total (% of total labor force) (modeled ILO estimate)",SL.UEM.TOTL.ZS,,,,,,,,,,,,,,,,,,,,,,,,,,,,,,,,1.9,3.7,3.7,5.8,5.3,7.9,7.9,10,11.14,8.46,7.29,6.8,7.95,8.17,7.29,7.38,5.07,3.98,6.4,7.45,6.68,5.58,5.1,3.86,3.69,4.19,4.1,4.11,5.1,4.71
Madagascar,MDG,"Unemployment, total (% of total labor force) (modeled ILO estimate)",SL.UEM.TOTL.ZS,,,,,,,,,,,,,,,,,,,,,,,,,,,,,,,,5.56,5.63,5.76,5.8,5.8,5.8,5.79,5.79,5.83,5.8,5.35,5.2,5.01,3.72,2.62,2.84,3.06,3.34,3.88,4.28,2.02,0.6,0.94,1.33,1.79,1.76,1.73,1.69,1.67,1.92
Maldives,MDV,"Unemployment, total (% of total labor force) (modeled ILO estimate)",SL.UEM.TOTL.ZS,,,,,,,,,,,,,,,,,,,,,,,,,,,,,,,,0.76,0.77,0.79,0.79,0.79,0.98,1.2,1.43,1.7,1.97,2.66,3.48,4.39,5.36,6.38,7.39,8.47,9.71,11.7,10.28,8.86,7.57,6.37,5.21,5.67,6.12,6,5.9,5.82,7.18
Middle East & North Africa,MEA,"Unemployment, total (% of total labor force) (modeled ILO estimate)",SL.UEM.TOTL.ZS,,,,,,,,,,,,,,,,,,,,,,,,,,,,,,,,11.1491875,11.51629851,12.06363117,12.0010603,12.14721887,11.30363963,11.01540891,11.21220998,11.45517255,11.96440069,11.99043611,12.16596752,11.8794631,10.73324602,10.949157,10.07469579,9.55922133,9.197684056,9.354669317,9.498380282,10.00146548,10.19035732,9.834299983,9.951817659,10.05505489,10.11341288,10.23865123,9.812974314,9.596827105,10.63437861
Mexico,MEX,"Unemployment, total (% of total labor force) (modeled ILO estimate)",SL.UEM.TOTL.ZS,,,,,,,,,,,,,,,,,,,,,,,,,,,,,,,,3.15,3.24,3.37,4.44,7.1,5.47,4.24,3.73,2.6,2.65,2.63,3,3.46,3.94,3.56,3.57,3.63,3.87,5.36,5.3,5.17,4.89,4.91,4.81,4.31,3.86,3.42,3.28,3.48,4.71
Marshall Islands,MHL,"Unemployment, total (% of total labor force) (modeled ILO estimate)",SL.UEM.TOTL.ZS,,,,,,,,,,,,,,,,,,,,,,,,,,,,,,,,,,,,,,,,,,,,,,,,,,,,,,,,,,,,,
Middle income,MIC,"Unemployment, total (% of total labor force) (modeled ILO estimate)",SL.UEM.TOTL.ZS,,,,,,,,,,,,,,,,,,,,,,,,,,,,,,,,4.294269098,4.32864493,4.579199844,4.928254259,5.221767423,5.308869555,5.395974569,5.614364089,5.811864052,5.682136822,5.771303704,5.964470502,6.051604462,5.87925894,5.806165549,5.540532156,5.351766552,5.302296373,5.630167877,5.440138797,5.34623212,5.330400898,5.347058935,5.31001383,5.46216921,5.622579159,5.61449842,5.506898882,5.582489926,6.526889027
North Macedonia,MKD,"Unemployment, total (% of total labor force) (modeled ILO estimate)",SL.UEM.TOTL.ZS,,,,,,,,,,,,,,,,,,,,,,,,,,,,,,,,35.53,35.68,35.95,36.03,36.02,36.02,36,34.5,32.4,32.2,30.52,31.94,36.69,37.16,37.25,36.03,34.93,33.76,32.18,32.02,31.38,31.02,29,28.03,26.07,23.72,22.38,20.74,17.26,18.4
Mali,MLI,"Unemployment, total (% of total labor force) (modeled ILO estimate)",SL.UEM.TOTL.ZS,,,,,,,,,,,,,,,,,,,,,,,,,,,,,,,,3.21,3.24,3.29,3.31,3.3,3.3,3.3,3.92,4.62,5.33,6.1,6.97,7.86,8.75,9.76,10.72,11.71,10.23,9.28,8.07,6.9,6.62,6.35,6.38,7.73,7.6,7.41,7.31,7.24,7.5
Malta,MLT,"Unemployment, total (% of total labor force) (modeled ILO estimate)",SL.UEM.TOTL.ZS,,,,,,,,,,,,,,,,,,,,,,,,,,,,,,,,5.89,5.87,5.83,5.88,5.95,6.03,6.11,6.19,6.24,6.32,7.11,6.9,7.49,7.32,6.92,6.8,6.47,5.98,6.89,6.85,6.38,6.2,6.11,5.73,5.38,4.69,4,3.66,3.4,4.09
Myanmar,MMR,"Unemployment, total (% of total labor force) (modeled ILO estimate)",SL.UEM.TOTL.ZS,,,,,,,,,,,,,,,,,,,,,,,,,,,,,,,,0.76,0.78,0.81,0.82,0.82,0.82,0.82,0.82,0.83,0.82,0.82,0.83,0.83,0.82,0.79,0.75,0.72,0.71,0.78,0.79,0.79,0.79,0.8,0.78,0.77,1.14,1.56,0.87,0.5,1.79
Middle East & North Africa (excluding high income),MNA,"Unemployment, total (% of total labor force) (modeled ILO estimate)",SL.UEM.TOTL.ZS,,,,,,,,,,,,,,,,,,,,,,,,,,,,,,,,11.88076253,12.14635699,12.87509137,12.93361432,13.30383006,12.35308779,11.99664774,12.22194118,12.51322604,13.11009609,13.12230758,13.25416382,12.88990829,11.56217461,11.89653316,10.93293963,10.48045878,10.25262329,10.44696932,10.72604577,11.43489157,11.76348696,11.37029772,11.55664544,11.78048837,11.87549452,12.0119329,11.49505909,11.21442686,11.90451567
Montenegro,MNE,"Unemployment, total (% of total labor force) (modeled ILO estimate)",SL.UEM.TOTL.ZS,,,,,,,,,,,,,,,,,,,,,,,,,,,,,,,,30.04,30.21,30.49,30.58,30.57,30.57,30.55,30.55,30.65,30.58,30.53,30.64,30.63,30.5,30.31,24.51,19.4,17.15,19.09,19.65,19.67,19.97,19.5,18,17.54,17.72,16.07,15.18,15.12,15.86
Mongolia,MNG,"Unemployment, total (% of total labor force) (modeled ILO estimate)",SL.UEM.TOTL.ZS,,,,,,,,,,,,,,,,,,,,,,,,,,,,,,,,5.99,6.05,6.15,6.18,6.18,6.18,6.17,6.17,6.21,6.18,6.16,6.2,6.8,6.96,7.09,7.14,7.2,5.57,5.86,6.55,4.77,3.91,4.23,4.8,4.86,7.24,6.36,5.38,5.31,4.33
Northern Mariana Islands,MNP,"Unemployment, total (% of total labor force) (modeled ILO estimate)",SL.UEM.TOTL.ZS,,,,,,,,,,,,,,,,,,,,,,,,,,,,,,,,,,,,,,,,,,,,,,,,,,,,,,,,,,,,,
Mozambique,MOZ,"Unemployment, total (% of total labor force) (modeled ILO estimate)",SL.UEM.TOTL.ZS,,,,,,,,,,,,,,,,,,,,,,,,,,,,,,,,2.59,2.63,2.69,2.71,2.71,2.71,2.7,2.75,2.82,2.85,2.88,2.95,3,3.01,3.01,2.97,2.94,2.95,3.17,3.25,3.3,3.35,3.41,3.41,3.43,3.38,3.31,3.24,3.19,3.39
Mauritania,MRT,"Unemployment, total (% of total labor force) (modeled ILO estimate)",SL.UEM.TOTL.ZS,,,,,,,,,,,,,,,,,,,,,,,,,,,,,,,,9.74,9.81,9.94,9.98,9.97,9.98,9.96,9.96,10.01,9.98,9.96,10,10,9.94,9.86,9.7,9.57,9.51,9.81,9.86,9.86,9.87,10.04,10.12,10.22,10.31,10.34,10.22,10.13,10.66
Mauritius,MUS,"Unemployment, total (% of total labor force) (modeled ILO estimate)",SL.UEM.TOTL.ZS,,,,,,,,,,,,,,,,,,,,,,,,,,,,,,,,9.34,9.42,9.55,9.6,9.59,9.52,9.44,9.36,9.34,9.24,9.14,8.21,8.3,8.34,9.52,9.04,8.48,7.17,7.26,7.65,7.45,7.47,7.32,7.47,7.41,6.81,6.75,6.43,6.36,7.11
Malawi,MWI,"Unemployment, total (% of total labor force) (modeled ILO estimate)",SL.UEM.TOTL.ZS,,,,,,,,,,,,,,,,,,,,,,,,,,,,,,,,5.84,5.9,6,6.03,6.03,6.03,6.02,6.02,6.06,6.03,6.01,6.05,6.05,6,5.93,5.81,5.7,5.65,5.89,5.94,5.93,5.94,5.95,5.89,5.85,5.79,5.7,5.62,5.56,5.99
Malaysia,MYS,"Unemployment, total (% of total labor force) (modeled ILO estimate)",SL.UEM.TOTL.ZS,,,,,,,,,,,,,,,,,,,,,,,,,,,,,,,,3.66,3.71,4.11,3.63,3.15,2.52,2.45,3.2,3.43,3,3.53,3.48,3.61,3.54,3.53,3.32,3.23,3.34,3.69,3.25,3.05,3.04,3.11,2.88,3.1,3.44,3.41,3.3,3.31,4.55
North America,NAC,"Unemployment, total (% of total labor force) (modeled ILO estimate)",SL.UEM.TOTL.ZS,,,,,,,,,,,,,,,,,,,,,,,,,,,,,,,,7.161714269,7.873996505,7.350895621,6.54692267,6.030329246,5.861229962,5.403670203,4.882357424,4.553109883,4.272213108,4.979645703,5.973513082,6.154587296,5.703679304,5.255129545,4.79720665,4.769584517,5.818084728,9.153156134,9.461070717,8.794088324,7.985607186,7.346131113,6.250799766,5.457870891,5.102114671,4.576424366,4.111269896,3.889491858,8.438946867
Namibia,NAM,"Unemployment, total (% of total labor force) (modeled ILO estimate)",SL.UEM.TOTL.ZS,,,,,,,,,,,,,,,,,,,,,,,,,,,,,,,,19.14,19.22,19.37,19.4,21.02,22.71,24.45,23.02,21.7,20.3,20.72,21.25,21.71,22.09,21.98,21.76,21.56,21.48,21.99,22.1,19.33,16.77,19.03,18.52,20.89,23.35,21.57,19.88,19.75,20.35
New Caledonia,NCL,"Unemployment, total (% of total labor force) (modeled ILO estimate)",SL.UEM.TOTL.ZS,,,,,,,,,,,,,,,,,,,,,,,,,,,,,,,,18.38,18.35,18.28,18.37,18.5,18.64,18.38,18.1,17.78,17.51,17.24,16.89,16.57,16.31,15.92,15.59,15.26,14.79,13.97,14.03,14.18,14.27,14.38,14.59,14.75,14.92,15.11,15.31,15.45,16.52
Niger,NER,"Unemployment, total (% of total labor force) (modeled ILO estimate)",SL.UEM.TOTL.ZS,,,,,,,,,,,,,,,,,,,,,,,,,,,,,,,,1.39,1.41,1.46,1.48,1.48,1.48,1.47,1.47,1.49,1.48,1.47,1.86,2.28,2.69,3.1,2.33,1.7,1.22,0.91,0.58,0.32,2.18,1.22,0.52,0.52,0.51,0.49,0.47,0.46,0.69
Nigeria,NGA,"Unemployment, total (% of total labor force) (modeled ILO estimate)",SL.UEM.TOTL.ZS,,,,,,,,,,,,,,,,,,,,,,,,,,,,,,,,3.71,3.75,3.81,3.83,3.83,3.83,3.83,3.83,3.85,3.83,3.82,3.85,3.84,3.81,3.77,3.69,3.62,3.59,3.75,3.77,3.77,3.74,3.7,4.56,4.31,7.06,8.39,8.45,8.53,9.01
Nicaragua,NIC,"Unemployment, total (% of total labor force) (modeled ILO estimate)",SL.UEM.TOTL.ZS,,,,,,,,,,,,,,,,,,,,,,,,,,,,,,,,7.34,7.41,7.54,7.58,7.57,7.57,7.56,7.56,7.61,7.58,7.55,7.6,7.6,6.41,5.37,5.31,4.89,6.2,8.16,7.83,6.45,5.21,5.28,4.52,4.7,3.9,3.3,5.2,5.14,5.82
Netherlands,NLD,"Unemployment, total (% of total labor force) (modeled ILO estimate)",SL.UEM.TOTL.ZS,,,,,,,,,,,,,,,,,,,,,,,,,,,,,,,,7.28,5.56,6.29,7.16,7.16,6.42,5.51,4.39,3.62,2.73,2.12,2.55,3.59,4.65,5.87,5,4.15,3.65,4.35,4.99,4.98,5.82,7.24,7.42,6.87,6.01,4.84,3.83,3.38,4.09
Norway,NOR,"Unemployment, total (% of total labor force) (modeled ILO estimate)",SL.UEM.TOTL.ZS,,,,,,,,,,,,,,,,,,,,,,,,,,,,,,,,5.41,5.91,5.97,5.35,6.31,5.04,4.69,3.74,3.25,3.46,3.74,4.02,4.22,4.26,4.38,3.4,2.49,2.55,3.1,3.52,3.22,3.12,3.42,3.48,4.3,4.68,4.16,3.8,3.69,4.62
Nepal,NPL,"Unemployment, total (% of total labor force) (modeled ILO estimate)",SL.UEM.TOTL.ZS,,,,,,,,,,,,,,,,,,,,,,,,,,,,,,,,1.75,1.78,1.82,1.84,1.84,1.84,1.83,1.83,1.85,1.8,1.75,1.73,1.69,1.63,1.56,1.47,1.38,1.33,1.64,1.88,2.11,2.36,2.63,2.85,3.1,3.05,2.97,2.9,2.85,4.44
Nauru,NRU,"Unemployment, total (% of total labor force) (modeled ILO estimate)",SL.UEM.TOTL.ZS,,,,,,,,,,,,,,,,,,,,,,,,,,,,,,,,,,,,,,,,,,,,,,,,,,,,,,,,,,,,,
New Zealand,NZL,"Unemployment, total (% of total labor force) (modeled ILO estimate)",SL.UEM.TOTL.ZS,,,,,,,,,,,,,,,,,,,,,,,,,,,,,,,,10.61,10.67,9.8,8.35,6.46,6.29,6.86,7.72,7.02,6.13,5.43,5.28,4.75,4.01,3.81,3.86,3.66,4.17,6.12,6.56,6.49,6.93,5.77,5.37,5.35,5.08,4.7,4.3,4.07,4.55
OECD members,OED,"Unemployment, total (% of total labor force) (modeled ILO estimate)",SL.UEM.TOTL.ZS,,,,,,,,,,,,,,,,,,,,,,,,,,,,,,,,6.800562181,7.27541226,7.743092525,7.826478082,7.601161566,7.548541945,7.247972753,7.210848132,7.170834544,6.7769417,6.62800556,7.176572426,7.297968347,7.186814436,6.828222749,6.263846205,5.809789748,6.133362702,8.280946368,8.427840419,8.038439877,8.015921157,7.929324713,7.4128536,6.836844091,6.422283808,5.895045578,5.457707494,5.393853848,7.379637186
Oman,OMN,"Unemployment, total (% of total labor force) (modeled ILO estimate)",SL.UEM.TOTL.ZS,,,,,,,,,,,,,,,,,,,,,,,,,,,,,,,,3.19,3.16,3.12,3.16,3.21,3.26,3.33,3.39,3.42,3.49,3.55,3.59,3.63,3.71,3.8,3.94,4.08,4.14,3.84,3.71,3.64,3.52,3.42,3.37,3.32,3.27,2.49,1.8,1.84,4.97
Other small states,OSS,"Unemployment, total (% of total labor force) (modeled ILO estimate)",SL.UEM.TOTL.ZS,,,,,,,,,,,,,,,,,,,,,,,,,,,,,,,,11.56406618,12.13266013,12.81595575,13.20919343,13.59666691,13.79100199,13.97753448,13.71390559,13.54133166,13.20743157,13.19732067,12.97579093,13.17894795,12.76550208,12.27898111,11.43942014,10.75974064,10.32433233,11.0127546,11.1524648,10.62847299,10.34401453,10.48709418,10.23342657,10.15648559,10.15101652,9.755420661,9.363622222,9.168994325,10.46202679
Pakistan,PAK,"Unemployment, total (% of total labor force) (modeled ILO estimate)",SL.UEM.TOTL.ZS,,,,,,,,,,,,,,,,,,,,,,,,,,,,,,,,0.59,0.6,0.62,0.63,0.63,0.63,0.63,0.63,0.64,0.63,0.63,0.64,0.64,0.63,0.61,0.58,0.4,0.42,0.54,0.65,0.8,1.7,2.95,1.83,3.57,3.78,3.94,4.08,3.98,4.65
Panama,PAN,"Unemployment, total (% of total labor force) (modeled ILO estimate)",SL.UEM.TOTL.ZS,,,,,,,,,,,,,,,,,,,,,,,,,,,,,,,,3.63,3.68,3.76,3.79,3.79,3.79,3.78,3.78,3.81,3.79,3.78,3.81,3.81,3.77,3.71,3.61,3.52,3.48,3.68,3.71,2.31,2.39,2.3,2.72,3,3.32,3.9,3.89,4.74,10.23
Peru,PER,"Unemployment, total (% of total labor force) (modeled ILO estimate)",SL.UEM.TOTL.ZS,,,,,,,,,,,,,,,,,,,,,,,,,,,,,,,,5.56,5.63,5.74,5.78,5.77,5.77,5.76,5.76,5.81,5.78,5.76,5.8,4.79,4.9,4.86,4.26,3.92,3.82,3.73,3.3,3.27,2.94,3.21,2.85,2.92,3.38,3.35,3.18,3.03,6.24
Philippines,PHL,"Unemployment, total (% of total labor force) (modeled ILO estimate)",SL.UEM.TOTL.ZS,,,,,,,,,,,,,,,,,,,,,,,,,,,,,,,,3.56,3.61,3.69,3.71,3.71,3.71,3.7,3.7,3.73,3.71,3.7,3.63,3.53,3.55,3.8,4.05,3.43,3.72,3.86,3.61,3.59,3.5,3.5,3.6,3.07,2.69,2.55,2.34,2.24,3.36
Palau,PLW,"Unemployment, total (% of total labor force) (modeled ILO estimate)",SL.UEM.TOTL.ZS,,,,,,,,,,,,,,,,,,,,,,,,,,,,,,,,,,,,,,,,,,,,,,,,,,,,,,,,,,,,,
Papua New Guinea,PNG,"Unemployment, total (% of total labor force) (modeled ILO estimate)",SL.UEM.TOTL.ZS,,,,,,,,,,,,,,,,,,,,,,,,,,,,,,,,2.78,2.82,2.9,2.92,2.92,2.92,2.91,2.91,2.94,2.92,2.81,2.75,2.66,2.54,2.41,2.25,2.11,2,2.06,2,2.62,2.63,2.63,2.59,2.56,2.53,2.47,2.41,2.37,2.74
Poland,POL,"Unemployment, total (% of total labor force) (modeled ILO estimate)",SL.UEM.TOTL.ZS,,,,,,,,,,,,,,,,,,,,,,,,,,,,,,,,13.66,13.65,14.39,14.83,13.7,12.68,10.96,9.94,12.29,16.31,18.37,19.9,19.37,19.07,17.75,13.84,9.6,7.12,8.17,9.64,9.63,10.09,10.33,8.99,7.5,6.16,4.89,3.85,3.28,3.55
Pre-demographic dividend,PRE,"Unemployment, total (% of total labor force) (modeled ILO estimate)",SL.UEM.TOTL.ZS,,,,,,,,,,,,,,,,,,,,,,,,,,,,,,,,5.03331881,5.086673484,5.151458659,5.122799704,5.068839185,5.044801114,4.999735715,4.978500314,5.042172362,5.057886672,5.070769631,5.143209461,5.190345172,5.1365272,5.085711432,4.969546981,4.825021862,4.733819239,4.912630595,5.320516082,5.221928759,5.151831191,5.03542828,5.150285583,5.122973991,5.589165555,5.864935117,5.822484687,5.796796723,6.207226961
Puerto Rico,PRI,"Unemployment, total (% of total labor force) (modeled ILO estimate)",SL.UEM.TOTL.ZS,,,,,,,,,,,,,,,,,,,,,,,,,,,,,,,,16.18,16.93,16.91,14.6,13.93,13.64,13.8,13.46,11.81,10.08,11.4,11.94,11.78,10.31,11.35,11.01,10.93,11.48,15,16.1,15.7,14.5,14.3,13.9,12,11.8,10.8,9.2,8.3,11.17
"Korea, Dem. People's Rep.",PRK,"Unemployment, total (% of total labor force) (modeled ILO estimate)",SL.UEM.TOTL.ZS,,,,,,,,,,,,,,,,,,,,,,,,,,,,,,,,2.83,2.87,2.95,2.97,2.97,2.97,2.96,2.96,2.99,2.97,2.96,2.99,2.99,2.95,2.9,2.8,2.72,2.69,2.87,2.9,2.9,2.9,2.91,2.86,2.83,2.79,2.72,2.66,2.62,2.81
Portugal,PRT,"Unemployment, total (% of total labor force) (modeled ILO estimate)",SL.UEM.TOTL.ZS,,,,,,,,,,,,,,,,,,,,,,,,,,,,,,,,3.92,3.99,5.3,6.71,7.06,7.3,6.57,4.65,4.58,3.81,3.83,4.5,6.13,6.32,7.58,7.65,7.96,7.55,9.43,10.77,12.68,15.53,16.18,13.89,12.44,11.07,8.87,6.99,6.46,7.2
Paraguay,PRY,"Unemployment, total (% of total labor force) (modeled ILO estimate)",SL.UEM.TOTL.ZS,,,,,,,,,,,,,,,,,,,,,,,,,,,,,,,,9.06,9.16,9.31,9.36,9.36,9.36,9.34,9.34,9.4,9.36,9.33,9.39,6.81,6.51,4.83,5.28,4.71,4.42,5.46,4.57,4.67,4.09,4.39,5.03,4.56,5.26,4.62,5.56,6.6,7.61
West Bank and Gaza,PSE,"Unemployment, total (% of total labor force) (modeled ILO estimate)",SL.UEM.TOTL.ZS,,,,,,,,,,,,,,,,,,,,,,,,,,,,,,,,10.45,10.5,10.6,10.62,10.62,10.62,10.61,10.61,10.65,10.63,21.49,27.47,23,23.22,20.02,19.01,18.28,22.91,20.45,21.42,17.6,19.2,19.89,20.53,23.01,23.94,25.68,26.26,25.34,27.35
Pacific island small states,PSS,"Unemployment, total (% of total labor force) (modeled ILO estimate)",SL.UEM.TOTL.ZS,,,,,,,,,,,,,,,,,,,,,,,,,,,,,,,,3.114526293,3.174725332,3.268293123,3.323393793,3.356448765,3.390190566,3.415505018,3.449149124,3.514059325,3.524781469,3.548302648,3.604327825,3.624203293,3.505911909,3.391489976,3.288184338,3.254299819,3.266613463,3.51510991,3.130623159,3.065667492,3.134958106,3.032453244,2.970583243,2.923102627,2.872232166,2.801115401,2.736214251,2.678295247,3.106805384
Post-demographic dividend,PST,"Unemployment, total (% of total labor force) (modeled ILO estimate)",SL.UEM.TOTL.ZS,,,,,,,,,,,,,,,,,,,,,,,,,,,,,,,,6.345791712,6.91270612,7.475202483,7.510033394,7.403443648,7.570021894,7.358740123,7.38140881,7.10860388,6.537487138,6.375985862,6.767891047,6.857935345,6.660299389,6.352904768,5.930816918,5.525908693,5.866635054,8.025356564,8.30417316,8.013469535,8.068222338,7.98001681,7.459797421,6.866274123,6.40014728,5.83366637,5.283648995,4.958384749,6.957685463
French Polynesia,PYF,"Unemployment, total (% of total labor force) (modeled ILO estimate)",SL.UEM.TOTL.ZS,,,,,,,,,,,,,,,,,,,,,,,,,,,,,,,,11.07,11.03,10.97,11.03,11.11,11.21,11.31,11.41,11.46,11.57,11.67,11.71,11.64,11.62,11.62,11.69,11.74,11.82,11.57,11.58,11.67,11.71,11.77,11.92,12.06,12.23,12.4,12.59,12.72,13.81
Qatar,QAT,"Unemployment, total (% of total labor force) (modeled ILO estimate)",SL.UEM.TOTL.ZS,,,,,,,,,,,,,,,,,,,,,,,,,,,,,,,,0.56,0.51,0.46,0.46,0.46,0.48,0.5,0.52,0.53,0.57,0.6,0.62,0.65,0.71,0.77,0.87,0.52,0.31,0.31,0.45,0.56,0.48,0.28,0.2,0.17,0.15,0.14,0.11,0.12,3.45
Romania,ROU,"Unemployment, total (% of total labor force) (modeled ILO estimate)",SL.UEM.TOTL.ZS,,,,,,,,,,,,,,,,,,,,,,,,,,,,,,,,8.18,8.26,8.26,8.17,8.01,6.74,5.51,5.63,6.24,6.97,6.56,8.11,6.95,7.72,7.17,7.27,6.41,5.79,6.86,6.96,7.18,6.79,7.1,6.8,6.81,5.9,4.93,4.19,3.91,4.84
Russian Federation,RUS,"Unemployment, total (% of total labor force) (modeled ILO estimate)",SL.UEM.TOTL.ZS,,,,,,,,,,,,,,,,,,,,,,,,,,,,,,,,5.13,5.18,5.88,8.13,9.45,9.67,11.81,13.26,13.04,10.58,8.98,7.88,8.21,7.76,7.12,7.06,6,6.21,8.3,7.37,6.54,5.44,5.46,5.16,5.57,5.56,5.21,4.85,4.6,5.73
Rwanda,RWA,"Unemployment, total (% of total labor force) (modeled ILO estimate)",SL.UEM.TOTL.ZS,,,,,,,,,,,,,,,,,,,,,,,,,,,,,,,,0.3,0.35,0.41,0.46,0.51,0.56,0.61,0.66,0.72,0.77,0.82,0.89,0.92,0.93,0.93,0.9,0.88,0.88,1.02,1.07,1.1,1.14,1.18,1.17,1.14,1.11,1.06,1.02,0.99,1.35
South Asia,SAS,"Unemployment, total (% of total labor force) (modeled ILO estimate)",SL.UEM.TOTL.ZS,,,,,,,,,,,,,,,,,,,,,,,,,,,,,,,,4.990812876,5.03179279,5.126990316,5.141345113,5.133857098,5.114207383,5.100041661,5.091854089,5.130180564,5.094476901,5.109440448,5.188118307,5.208511582,5.1638337,5.093557465,4.903180035,4.811123361,4.787584012,5.063924707,4.931766791,4.963764868,5.085329325,5.261257162,5.092405822,5.245459209,5.220780883,5.155036344,5.102109757,5.036482592,6.625076417
Saudi Arabia,SAU,"Unemployment, total (% of total labor force) (modeled ILO estimate)",SL.UEM.TOTL.ZS,,,,,,,,,,,,,,,,,,,,,,,,,,,,,,,,7.21,7.2,6.67,6.25,5.86,5.48,5.1,4.73,4.35,4.57,4.62,5.27,5.56,5.82,6.05,6.25,5.73,5.08,5.38,5.55,5.77,5.52,5.57,5.72,5.59,5.65,5.89,6.04,6.13,8.22
Sudan,SDN,"Unemployment, total (% of total labor force) (modeled ILO estimate)",SL.UEM.TOTL.ZS,,,,,,,,,,,,,,,,,,,,,,,,,,,,,,,,15.12,15.22,15.39,15.44,15.44,15.44,15.43,15.43,15.49,15.45,15.41,15.48,15.48,15.4,15.28,15.07,14.88,14.8,13,15.17,17.44,17.45,17.47,17.36,17.29,17.19,17.02,16.87,16.76,17.71
Senegal,SEN,"Unemployment, total (% of total labor force) (modeled ILO estimate)",SL.UEM.TOTL.ZS,,,,,,,,,,,,,,,,,,,,,,,,,,,,,,,,5.49,5.53,5.61,5.63,5.63,5.63,5.63,5.63,5.66,5.64,5.62,5.65,6.7,7.79,8.92,10.03,9.89,9.85,10.25,10.34,10.36,9.42,8.53,7.61,6.76,6.7,6.61,6.53,6.47,7.1
Singapore,SGP,"Unemployment, total (% of total labor force) (modeled ILO estimate)",SL.UEM.TOTL.ZS,,,,,,,,,,,,,,,,,,,,,,,,,,,,,,,,2.18,3.09,3.07,3.03,3.3,3.57,2.5,3.41,4.85,3.7,3.76,5.65,5.93,5.84,5.59,4.48,3.9,3.96,5.86,4.12,3.89,3.72,3.86,3.74,3.79,4.08,4.2,3.65,3.1,5.19
Solomon Islands,SLB,"Unemployment, total (% of total labor force) (modeled ILO estimate)",SL.UEM.TOTL.ZS,,,,,,,,,,,,,,,,,,,,,,,,,,,,,,,,1.98,2.02,2.1,2.13,2.12,2.12,2.12,2.12,2.15,2.13,2.11,2.14,2.14,2.1,2.05,1.96,1.88,1.85,2.02,1.64,1.28,0.96,0.69,0.68,0.67,0.66,0.64,0.62,0.6,0.79
Sierra Leone,SLE,"Unemployment, total (% of total labor force) (modeled ILO estimate)",SL.UEM.TOTL.ZS,,,,,,,,,,,,,,,,,,,,,,,,,,,,,,,,3.31,3.35,3.42,3.44,3.44,3.44,3.43,3.43,3.46,3.44,3.43,3.45,3.45,3.42,3.5,3.54,3.58,3.67,3.99,4.16,4.29,4.44,4.59,4.68,4.64,4.59,4.5,4.42,4.36,4.6
El Salvador,SLV,"Unemployment, total (% of total labor force) (modeled ILO estimate)",SL.UEM.TOTL.ZS,,,,,,,,,,,,,,,,,,,,,,,,,,,,,,,,7.53,7.88,9.94,7.68,7.65,7.68,7.98,7.1,6.68,6.96,6.96,5.73,6.26,6.05,7.22,6.57,6.41,5.88,7.33,4.89,4.3,3.84,3.69,4.15,4,4.42,4.39,4.01,3.96,6.98
San Marino,SMR,"Unemployment, total (% of total labor force) (modeled ILO estimate)",SL.UEM.TOTL.ZS,,,,,,,,,,,,,,,,,,,,,,,,,,,,,,,,,,,,,,,,,,,,,,,,,,,,,,,,,,,,,
Somalia,SOM,"Unemployment, total (% of total labor force) (modeled ILO estimate)",SL.UEM.TOTL.ZS,,,,,,,,,,,,,,,,,,,,,,,,,,,,,,,,13.24,13.33,13.49,13.54,13.53,13.53,13.52,13.52,13.58,13.54,13.51,13.57,13.57,13.49,13.39,13.19,13.02,12.94,13.32,13.39,13.38,13.39,13.41,13.32,13.25,13.17,13.02,12.89,12.79,13.1
Serbia,SRB,"Unemployment, total (% of total labor force) (modeled ILO estimate)",SL.UEM.TOTL.ZS,,,,,,,,,,,,,,,,,,,,,,,,,,,,,,,,13.15,13.23,13.36,13.41,13.4,13.2,13.8,13.7,13.7,12.6,12.8,13.8,15.2,18.5,20.85,20.85,18.06,13.71,16.14,19.22,22.97,24,22.15,19.22,17.66,15.26,13.48,12.73,10.4,9.08
Sub-Saharan Africa (excluding high income),SSA,"Unemployment, total (% of total labor force) (modeled ILO estimate)",SL.UEM.TOTL.ZS,,,,,,,,,,,,,,,,,,,,,,,,,,,,,,,,6.330155222,6.397543296,6.49572393,6.503247318,6.502614664,6.529044331,6.534832485,6.525460847,6.626528948,6.589539102,6.575162264,6.725890757,6.629646471,6.326174602,6.197571227,6.004441577,5.760954463,5.429357381,5.619213715,5.979664584,5.885741122,5.835353277,5.710783267,5.775527428,5.780728173,6.168994077,6.310429323,6.2338611,6.276827996,6.629073782
South Sudan,SSD,"Unemployment, total (% of total labor force) (modeled ILO estimate)",SL.UEM.TOTL.ZS,,,,,,,,,,,,,,,,,,,,,,,,,,,,,,,,12.43,12.52,12.68,12.72,12.72,12.72,12.71,12.71,12.76,12.72,12.7,12.75,12.75,12.68,12.58,12.39,12.22,12.15,12.52,12.58,12.57,12.59,12.6,12.51,12.45,12.37,12.23,12.1,12.01,12.66
Sub-Saharan Africa,SSF,"Unemployment, total (% of total labor force) (modeled ILO estimate)",SL.UEM.TOTL.ZS,,,,,,,,,,,,,,,,,,,,,,,,,,,,,,,,6.330155222,6.397543296,6.49572393,6.503247318,6.502614664,6.529044331,6.534832485,6.525460847,6.626528948,6.589539102,6.575162264,6.725890757,6.629646471,6.326174602,6.197571227,6.004441577,5.760954463,5.429357381,5.619213715,5.979664584,5.885741122,5.835353277,5.710783267,5.775527428,5.780728173,6.168994077,6.310429323,6.2338611,6.276827996,6.629073782
Small states,SST,"Unemployment, total (% of total labor force) (modeled ILO estimate)",SL.UEM.TOTL.ZS,,,,,,,,,,,,,,,,,,,,,,,,,,,,,,,,11.47272761,11.90631189,12.4204639,12.53798185,12.75712611,12.84648293,12.9997274,12.68425621,12.58199627,12.27205463,12.18790805,12.0028118,11.93261399,11.55933205,11.17191991,10.41571701,9.860007611,9.614982356,10.36582722,10.55370619,10.1997667,10.12173266,10.33798092,9.993275612,9.890063683,9.886413691,9.42109386,8.925294204,8.644754965,9.98290078
Sao Tome and Principe,STP,"Unemployment, total (% of total labor force) (modeled ILO estimate)",SL.UEM.TOTL.ZS,,,,,,,,,,,,,,,,,,,,,,,,,,,,,,,,14.12,14.21,14.35,14.4,14.39,14.4,14.38,14.38,14.44,14.4,15.73,17.63,16.36,16.12,16.47,16.65,15.89,15.26,15.12,14.64,14.1,13.59,13.6,13.52,13.46,13.39,13.26,13.14,13.05,13.86
Suriname,SUR,"Unemployment, total (% of total labor force) (modeled ILO estimate)",SL.UEM.TOTL.ZS,,,,,,,,,,,,,,,,,,,,,,,,,,,,,,,,17.14,17.28,15.64,12.7,8.39,10.88,10.56,10.63,13.6,12.69,11.83,11.08,10.3,9.49,9.28,9,8.74,8.56,8.72,7.15,7.54,8.1,6.6,6.94,7.22,7.17,7.08,7,6.94,8.65
Slovak Republic,SVK,"Unemployment, total (% of total labor force) (modeled ILO estimate)",SL.UEM.TOTL.ZS,,,,,,,,,,,,,,,,,,,,,,,,,,,,,,,,12.27,12.25,12.2,13.65,13.11,11.34,11.89,12.19,15.95,19.06,19.38,18.72,17.12,18.6,16.26,13.37,11.14,9.51,12.03,14.38,13.62,13.96,14.22,13.18,11.48,9.67,8.13,6.54,5.75,6.79
Slovenia,SVN,"Unemployment, total (% of total labor force) (modeled ILO estimate)",SL.UEM.TOTL.ZS,,,,,,,,,,,,,,,,,,,,,,,,,,,,,,,,7.08,7.8,8.51,8.24,7.15,6.91,6.65,7.39,7.32,6.92,5.68,5.92,6.48,6.01,6.51,5.95,4.82,4.37,5.86,7.24,8.17,8.84,10.1,9.67,8.96,8,6.56,5.11,4.45,5.17
Sweden,SWE,"Unemployment, total (% of total labor force) (modeled ILO estimate)",SL.UEM.TOTL.ZS,,,,,,,,,,,,,,,,,,,,,,,,,,,,,,,,3.24,5.72,9.33,9.58,8.9,9.55,10.36,8.94,7.61,5.47,4.73,4.97,5.56,6.69,7.49,7.07,6.16,6.24,8.35,8.61,7.8,7.98,8.05,7.95,7.43,6.99,6.72,6.37,6.83,8.45
Eswatini,SWZ,"Unemployment, total (% of total labor force) (modeled ILO estimate)",SL.UEM.TOTL.ZS,,,,,,,,,,,,,,,,,,,,,,,,,,,,,,,,21.32,21.42,21.6,21.66,21.65,22.08,22.5,23.12,23.82,24.4,25,25.74,26.39,26.96,27.47,27.85,28.24,27.45,27.39,26.82,26.15,25.52,24.9,24.14,23.44,22.72,22.54,22.37,22.24,23.4
Sint Maarten (Dutch part),SXM,"Unemployment, total (% of total labor force) (modeled ILO estimate)",SL.UEM.TOTL.ZS,,,,,,,,,,,,,,,,,,,,,,,,,,,,,,,,,,,,,,,,,,,,,,,,,,,,,,,,,,,,,
Seychelles,SYC,"Unemployment, total (% of total labor force) (modeled ILO estimate)",SL.UEM.TOTL.ZS,,,,,,,,,,,,,,,,,,,,,,,,,,,,,,,,,,,,,,,,,,,,,,,,,,,,,,,,,,,,,
Syrian Arab Republic,SYR,"Unemployment, total (% of total labor force) (modeled ILO estimate)",SL.UEM.TOTL.ZS,,,,,,,,,,,,,,,,,,,,,,,,,,,,,,,,6.75,7.05,7.4,7.5,7.2,7.29,7.38,7.47,7.6,9.51,11.63,10.98,10.28,9.59,8.9,8.17,8.42,10.94,8.14,8.61,8.6,8.61,8.62,8.55,8.5,8.44,8.33,8.23,8.16,9.03
Turks and Caicos Islands,TCA,"Unemployment, total (% of total labor force) (modeled ILO estimate)",SL.UEM.TOTL.ZS,,,,,,,,,,,,,,,,,,,,,,,,,,,,,,,,,,,,,,,,,,,,,,,,,,,,,,,,,,,,,
Chad,TCD,"Unemployment, total (% of total labor force) (modeled ILO estimate)",SL.UEM.TOTL.ZS,,,,,,,,,,,,,,,,,,,,,,,,,,,,,,,,0.67,0.68,0.7,0.75,0.8,0.84,0.89,0.94,1,1.05,1.09,1.16,1.22,1.26,1.29,1.28,1.29,1.32,1.5,1.59,1.66,1.73,1.8,1.83,1.87,1.89,1.89,1.89,1.91,2.26
East Asia & Pacific (IDA & IBRD countries),TEA,"Unemployment, total (% of total labor force) (modeled ILO estimate)",SL.UEM.TOTL.ZS,,,,,,,,,,,,,,,,,,,,,,,,,,,,,,,,2.407537027,2.376983804,2.624516256,2.918949655,3.005170091,3.097827048,3.185475935,3.368157986,3.492756912,3.439532565,3.842397973,4.129555113,4.425774428,4.408999665,4.467627322,4.353855841,4.317301034,4.444795792,4.39669499,4.14408583,4.079836029,4.069693076,4.056227396,4.034880803,4.094428752,4.005121637,3.89008305,3.811076575,3.957447708,4.412645646
Europe & Central Asia (IDA & IBRD countries),TEC,"Unemployment, total (% of total labor force) (modeled ILO estimate)",SL.UEM.TOTL.ZS,,,,,,,,,,,,,,,,,,,,,,,,,,,,,,,,6.091079296,6.3076907,7.030781562,8.48452597,9.531127747,10.12326842,10.73960157,11.60152563,11.99905369,11.23878914,10.81651152,10.65225134,10.37144813,10.08616347,9.412807203,8.616375831,7.516512005,7.278561834,8.947120734,8.569219524,8.030922542,7.54874229,7.599512347,7.653562152,7.615148116,7.438074346,7.079836917,6.668342165,6.79610619,7.57094637
Togo,TGO,"Unemployment, total (% of total labor force) (modeled ILO estimate)",SL.UEM.TOTL.ZS,,,,,,,,,,,,,,,,,,,,,,,,,,,,,,,,4.26,4.32,4.43,4.46,4.46,4.46,4.45,4.45,4.49,4.46,4.44,4.48,4.48,4.43,4.36,4.23,3.6,3.08,2.8,2.39,1.98,2.05,2.12,2.16,2.2,2.95,3.74,3.66,3.6,4.05
Thailand,THA,"Unemployment, total (% of total labor force) (modeled ILO estimate)",SL.UEM.TOTL.ZS,,,,,,,,,,,,,,,,,,,,,,,,,,,,,,,,2.63,1.35,1.49,1.35,1.1,1.07,0.87,3.4,2.97,2.39,2.6,1.82,1.54,1.51,1.35,1.22,1.18,1.18,0.93,0.62,0.66,0.58,0.21,0.58,0.6,0.69,0.83,0.77,0.72,1.02
Tajikistan,TJK,"Unemployment, total (% of total labor force) (modeled ILO estimate)",SL.UEM.TOTL.ZS,,,,,,,,,,,,,,,,,,,,,,,,,,,,,,,,1.9,2.1,6.2,8.8,10.3,13.4,13.9,16.5,15.4,14.96,14.55,14.25,13.87,13.42,12.94,12.38,11.84,11.43,11.5,10.85,10.16,9.5,8.86,8.17,7.53,6.9,6.81,6.72,6.66,7.5
Turkmenistan,TKM,"Unemployment, total (% of total labor force) (modeled ILO estimate)",SL.UEM.TOTL.ZS,,,,,,,,,,,,,,,,,,,,,,,,,,,,,,,,1.4,1.5,1.5,4.7,8.3,10.3,11,12.2,12.7,11.67,10.7,9.87,9,8.12,7.26,6.4,5.61,4.94,4.54,4,4,4,4.01,3.97,3.94,3.9,3.84,3.79,3.74,4.38
Latin America & the Caribbean (IDA & IBRD countries),TLA,"Unemployment, total (% of total labor force) (modeled ILO estimate)",SL.UEM.TOTL.ZS,,,,,,,,,,,,,,,,,,,,,,,,,,,,,,,,6.042880147,5.967994728,6.00155311,6.546201637,7.728224844,8.036236819,7.918320817,8.340807518,9.242425249,9.235127765,8.8243586,9.183210525,9.033976526,8.49955492,8.016780366,7.337965468,6.939063048,6.557464075,7.554170026,6.978301253,6.484296288,6.40078604,6.35235566,6.188680484,6.739382767,7.886747511,8.180731137,8.054835872,8.086816665,10.37961073
Timor-Leste,TLS,"Unemployment, total (% of total labor force) (modeled ILO estimate)",SL.UEM.TOTL.ZS,,,,,,,,,,,,,,,,,,,,,,,,,,,,,,,,3.24,3.28,3.34,3.36,3.36,3.36,3.36,3.36,3.38,3.36,3.35,3.38,3.38,3.35,3.3,3.22,3.14,3.11,3.27,3.3,3.53,3.77,4.03,4.23,4.45,4.66,4.57,4.48,4.42,5.06
Middle East & North Africa (IDA & IBRD countries),TMN,"Unemployment, total (% of total labor force) (modeled ILO estimate)",SL.UEM.TOTL.ZS,,,,,,,,,,,,,,,,,,,,,,,,,,,,,,,,11.89104106,12.15832452,12.89184644,12.9508492,13.32420713,12.3665545,12.00753189,12.23449617,12.52752645,13.12940039,13.06282286,13.15468317,12.81375866,11.47545196,11.83521853,10.87098815,10.41795934,10.14991695,10.36475053,10.63578915,11.38009444,11.69574247,11.29149525,11.47100425,11.66654864,11.75262118,11.86950544,11.33955539,11.06077537,11.7328728
Tonga,TON,"Unemployment, total (% of total labor force) (modeled ILO estimate)",SL.UEM.TOTL.ZS,,,,,,,,,,,,,,,,,,,,,,,,,,,,,,,,1.25,1.27,1.3,1.58,1.88,2.2,2.54,2.91,3.34,3.74,4.17,4.68,5.18,3.48,2.12,1.09,1.19,1.31,1.56,1.75,1.92,2.11,2.31,2.46,2.64,2.8,2.93,3.07,3.01,4.37
South Asia (IDA & IBRD),TSA,"Unemployment, total (% of total labor force) (modeled ILO estimate)",SL.UEM.TOTL.ZS,,,,,,,,,,,,,,,,,,,,,,,,,,,,,,,,4.990812876,5.03179279,5.126990316,5.141345113,5.133857098,5.114207383,5.100041661,5.091854089,5.130180564,5.094476901,5.109440448,5.188118307,5.208511582,5.1638337,5.093557465,4.903180035,4.811123361,4.787584012,5.063924707,4.931766791,4.963764868,5.085329325,5.261257162,5.092405822,5.245459209,5.220780883,5.155036344,5.102109757,5.036482592,6.625076417
Sub-Saharan Africa (IDA & IBRD countries),TSS,"Unemployment, total (% of total labor force) (modeled ILO estimate)",SL.UEM.TOTL.ZS,,,,,,,,,,,,,,,,,,,,,,,,,,,,,,,,6.330155222,6.397543296,6.49572393,6.503247318,6.502614664,6.529044331,6.534832485,6.525460847,6.626528948,6.589539102,6.575162264,6.725890757,6.629646471,6.326174602,6.197571227,6.004441577,5.760954463,5.429357381,5.619213715,5.979664584,5.885741122,5.835353277,5.710783267,5.775527428,5.780728173,6.168994077,6.310429323,6.2338611,6.276827996,6.629073782
Trinidad and Tobago,TTO,"Unemployment, total (% of total labor force) (modeled ILO estimate)",SL.UEM.TOTL.ZS,,,,,,,,,,,,,,,,,,,,,,,,,,,,,,,,3.36,3.32,3.27,3.3,3.34,3.4,3.46,3.51,3.54,3.61,3.66,3.69,3.72,3.8,3.89,4.03,4.17,4.22,4.03,4.03,3.43,3.72,2.68,2.48,2.43,3.21,3.3,3.4,3.46,6.74
Tunisia,TUN,"Unemployment, total (% of total labor force) (modeled ILO estimate)",SL.UEM.TOTL.ZS,,,,,,,,,,,,,,,,,,,,,,,,,,,,,,,,15.64,15.74,15.91,15.96,15.95,15.96,15.94,15.54,15.21,14.94,14.4,14.55,14.51,14.23,12.87,12.51,12.37,12.44,13.29,13.05,18.33,17.63,15.93,15.06,15.16,15.51,15.38,15.46,15.13,16.69
Turkey,TUR,"Unemployment, total (% of total labor force) (modeled ILO estimate)",SL.UEM.TOTL.ZS,,,,,,,,,,,,,,,,,,,,,,,,,,,,,,,,8.21,8.51,8.96,8.58,7.64,6.63,6.84,6.89,7.69,6.5,8.38,10.36,10.54,10.84,10.64,8.72,8.87,9.71,12.55,10.66,8.8,8.15,8.73,9.88,10.24,10.84,10.82,10.89,13.67,13.92
Tuvalu,TUV,"Unemployment, total (% of total labor force) (modeled ILO estimate)",SL.UEM.TOTL.ZS,,,,,,,,,,,,,,,,,,,,,,,,,,,,,,,,,,,,,,,,,,,,,,,,,,,,,,,,,,,,,
Tanzania,TZA,"Unemployment, total (% of total labor force) (modeled ILO estimate)",SL.UEM.TOTL.ZS,,,,,,,,,,,,,,,,,,,,,,,,,,,,,,,,3.6,3.58,3.59,3.53,3.45,3.38,3.29,3.22,3.17,3.08,2.99,3.11,3.21,3.27,3.31,3.3,2.92,2.61,2.5,2.98,3.47,3.19,2.93,2.13,2.1,2.08,2.03,1.99,1.96,2.16
Uganda,UGA,"Unemployment, total (% of total labor force) (modeled ILO estimate)",SL.UEM.TOTL.ZS,,,,,,,,,,,,,,,,,,,,,,,,,,,,,,,,0.94,0.92,1.13,1.33,1.55,1.77,2.01,2.27,2.58,2.85,3.14,3.5,3.6,2.69,1.9,2.21,2.53,2.92,3.6,3.61,3.58,3.55,1.91,1.88,1.86,1.83,1.79,1.75,1.72,2.44
Ukraine,UKR,"Unemployment, total (% of total labor force) (modeled ILO estimate)",SL.UEM.TOTL.ZS,,,,,,,,,,,,,,,,,,,,,,,,,,,,,,,,1.9,1.9,2,2,5.62,7.65,8.93,11.32,11.86,11.71,11.06,10.14,9.06,8.59,7.18,6.81,6.35,6.36,8.84,8.1,7.85,7.53,7.17,9.27,9.14,9.35,9.51,8.8,8.19,9.48
Upper middle income,UMC,"Unemployment, total (% of total labor force) (modeled ILO estimate)",SL.UEM.TOTL.ZS,,,,,,,,,,,,,,,,,,,,,,,,,,,,,,,,3.946234316,3.950571689,4.256398115,4.714992334,5.107516072,5.233472803,5.375220739,5.620927392,5.87055056,5.65630681,5.840133098,6.156593891,6.357298913,6.133418296,5.988572239,5.728744749,5.46614026,5.513913851,5.991925323,5.70685145,5.539038935,5.52251782,5.532737835,5.516291657,5.685953508,5.920102441,5.93131477,5.810145624,6.08355375,6.870021013
Uruguay,URY,"Unemployment, total (% of total labor force) (modeled ILO estimate)",SL.UEM.TOTL.ZS,,,,,,,,,,,,,,,,,,,,,,,,,,,,,,,,9.01,8.98,8.94,9,9.08,9.17,9.27,9.36,10.47,12.63,15.05,16.65,16.66,12.98,12.01,10.84,9.4,8.03,7.74,7.16,6.31,6.45,6.44,6.55,7.49,7.84,7.89,8.34,9.35,12.67
United States,USA,"Unemployment, total (% of total labor force) (modeled ILO estimate)",SL.UEM.TOTL.ZS,,,,,,,,,,,,,,,,,,,,,,,,,,,,,,,,6.8,7.5,6.9,6.12,5.65,5.45,5,4.51,4.22,3.99,4.73,5.78,5.99,5.53,5.08,4.62,4.62,5.78,9.25,9.63,8.95,8.07,7.38,6.17,5.28,4.87,4.36,3.9,3.67,8.31
Uzbekistan,UZB,"Unemployment, total (% of total labor force) (modeled ILO estimate)",SL.UEM.TOTL.ZS,,,,,,,,,,,,,,,,,,,,,,,,,,,,,,,,1.9,2.9,4.9,7.3,7.8,10.7,10.9,13.3,13.3,12.06,10.89,9.87,8.85,7.82,6.83,5.86,4.99,4.89,5,5.4,5,4.9,4.9,5.1,5.2,5.2,5.8,5.71,5.65,5.97
St. Vincent and the Grenadines,VCT,"Unemployment, total (% of total labor force) (modeled ILO estimate)",SL.UEM.TOTL.ZS,,,,,,,,,,,,,,,,,,,,,,,,,,,,,,,,19.77,19.98,20.27,20.42,20.52,20.62,20.71,20.81,20.98,21.03,21.1,20.93,20.69,20.37,20.01,19.55,19.11,18.79,19.25,19.32,19.31,19.33,19.35,19.23,19.16,19.06,18.89,18.73,18.62,20.27
"Venezuela, RB",VEN,"Unemployment, total (% of total labor force) (modeled ILO estimate)",SL.UEM.TOTL.ZS,,,,,,,,,,,,,,,,,,,,,,,,,,,,,,,,9.45,7.69,6.6,8.56,10.24,11.77,11.16,11.15,14.53,13.99,13.04,16.17,16.78,15.07,10.66,8.61,7.28,6.25,6.1,7.11,6.9,6.6,7.54,7.48,7.44,7.39,7.3,7.22,7.16,9.14
British Virgin Islands,VGB,"Unemployment, total (% of total labor force) (modeled ILO estimate)",SL.UEM.TOTL.ZS,,,,,,,,,,,,,,,,,,,,,,,,,,,,,,,,,,,,,,,,,,,,,,,,,,,,,,,,,,,,,
Virgin Islands (U.S.),VIR,"Unemployment, total (% of total labor force) (modeled ILO estimate)",SL.UEM.TOTL.ZS,,,,,,,,,,,,,,,,,,,,,,,,,,,,,,,,6.49,6.45,6.39,6.42,6.47,6.53,6.6,6.66,6.69,6.76,6.83,6.85,6.89,6.97,7.07,7.22,7.38,7.43,7.21,7.2,7.27,7.3,7.34,7.45,7.57,7.69,7.84,7.99,8.09,11.84
Vietnam,VNM,"Unemployment, total (% of total labor force) (modeled ILO estimate)",SL.UEM.TOTL.ZS,,,,,,,,,,,,,,,,,,,,,,,,,,,,,,,,1.83,1.86,1.91,1.93,1.93,1.93,2.87,2.29,2.33,2.26,2.76,2.12,2.25,2.14,2.13,2.08,2.03,1.8,1.74,1.11,1,1.03,1.32,1.26,1.85,1.85,1.87,1.16,2.04,2.27
Vanuatu,VUT,"Unemployment, total (% of total labor force) (modeled ILO estimate)",SL.UEM.TOTL.ZS,,,,,,,,,,,,,,,,,,,,,,,,,,,,,,,,4.5,4.57,4.68,4.72,4.71,4.71,4.7,4.7,4.74,4.72,4.69,4.74,4.74,4.68,4.61,4.47,4.36,4.31,4.57,1.85,1.85,1.85,1.85,1.83,1.81,1.79,1.75,1.72,1.69,1.95
World,WLD,"Unemployment, total (% of total labor force) (modeled ILO estimate)",SL.UEM.TOTL.ZS,,,,,,,,,,,,,,,,,,,,,,,,,,,,,,,,4.801820524,4.933969896,5.227373649,5.487653763,5.625085984,5.690529759,5.704659006,5.854128694,5.978623472,5.804660271,5.869660522,6.110880076,6.200708576,6.026956083,5.907434567,5.601949011,5.361982087,5.376596475,6.010123882,5.920482932,5.783887616,5.779611667,5.767192313,5.627470239,5.631483478,5.663557596,5.551030562,5.371758651,5.372569334,6.471280856
Samoa,WSM,"Unemployment, total (% of total labor force) (modeled ILO estimate)",SL.UEM.TOTL.ZS,,,,,,,,,,,,,,,,,,,,,,,,,,,,,,,,2.1,2.35,2.63,2.89,3.15,3.43,3.71,4.01,4.34,4.64,4.96,5.07,5.15,5.19,5.2,5.17,5.15,5.18,5.48,5.6,5.68,8.75,8.79,8.72,8.66,8.58,8.44,8.32,8.22,8.87
Kosovo,XKX,"Unemployment, total (% of total labor force) (modeled ILO estimate)",SL.UEM.TOTL.ZS,,,,,,,,,,,,,,,,,,,,,,,,,,,,,,,,,,,,,,,,,,,,,,,,,,,,,,,,,,,,,
"Yemen, Rep.",YEM,"Unemployment, total (% of total labor force) (modeled ILO estimate)",SL.UEM.TOTL.ZS,,,,,,,,,,,,,,,,,,,,,,,,,,,,,,,,8.15,8.21,8.31,8.34,8.91,9.51,10.12,10.75,11.46,11.57,11.69,11.89,12.04,12.12,12.17,12.13,12.1,12.17,12.71,12.93,13.08,13.24,13.41,13.47,13.4,13.31,13.15,13.01,12.9,13.42
South Africa,ZAF,"Unemployment, total (% of total labor force) (modeled ILO estimate)",SL.UEM.TOTL.ZS,,,,,,,,,,,,,,,,,,,,,,,,,,,,,,,,29.44,29.58,29.8,29.88,29.87,29.87,29.85,29.85,29.94,29.88,30.69,33.29,32.31,29.45,29.12,28.34,26.54,22.41,23.52,24.68,24.64,24.73,24.56,24.89,25.15,26.54,27.04,26.91,28.47,28.74
Zambia,ZMB,"Unemployment, total (% of total labor force) (modeled ILO estimate)",SL.UEM.TOTL.ZS,,,,,,,,,,,,,,,,,,,,,,,,,,,,,,,,18.9,19.26,19.7,18.22,16.72,15.3,13.59,12,12.5,12.93,13.5,14.18,14.8,15.37,15.9,12.87,10.2,7.93,10.5,13.19,10.34,7.85,8.61,9.34,10.1,10.88,11.63,12.01,11.91,12.17
Zimbabwe,ZWE,"Unemployment, total (% of total labor force) (modeled ILO estimate)",SL.UEM.TOTL.ZS,,,,,,,,,,,,,,,,,,,,,,,,,,,,,,,,4.8,4.85,4.93,4.96,5.58,6.24,6.93,6.44,6,5.64,5.3,5.03,4.72,4.39,4.48,4.52,4.57,4.67,5.03,5.22,5.37,5.38,5.38,5.33,5.29,5.24,5.15,5.07,5.02,5.73
